DATE,ILCONS,ILEDUH,ILFIRE,ILGOVT,ILMFG,ILNA,ILSLIND,ILUR,SMS17000000600000001,SMU17000000600000002SA,SMU17000000600000003SA,SMU17000002000000002SA,SMU17000002000000003SA,SMU17000003000000002SA,SMU17000003000000003SA,SMU17000005500000002SA,SMU17000005500000003SA,SMU17000006500000002SA,SMU17000006500000003SA
1/1/1976,,,,,,,,6.9,,,,,,,,,,,
2/1/1976,,,,,,,,6.8,,,,,,,,,,,
3/1/1976,,,,,,,,6.7,,,,,,,,,,,
4/1/1976,,,,,,,,6.6,,,,,,,,,,,
5/1/1976,,,,,,,,6.5,,,,,,,,,,,
6/1/1976,,,,,,,,6.5,,,,,,,,,,,
7/1/1976,,,,,,,,6.6,,,,,,,,,,,
8/1/1976,,,,,,,,6.6,,,,,,,,,,,
9/1/1976,,,,,,,,6.6,,,,,,,,,,,
10/1/1976,,,,,,,,6.6,,,,,,,,,,,
11/1/1976,,,,,,,,6.5,,,,,,,,,,,
12/1/1976,,,,,,,,6.3,,,,,,,,,,,
1/1/1977,,,,,,,,6.2,,,,,,,,,,,
2/1/1977,,,,,,,,6.1,,,,,,,,,,,
3/1/1977,,,,,,,,6,,,,,,,,,,,
4/1/1977,,,,,,,,6,,,,,,,,,,,
5/1/1977,,,,,,,,6.1,,,,,,,,,,,
6/1/1977,,,,,,,,6.2,,,,,,,,,,,
7/1/1977,,,,,,,,6.3,,,,,,,,,,,
8/1/1977,,,,,,,,6.4,,,,,,,,,,,
9/1/1977,,,,,,,,6.4,,,,,,,,,,,
10/1/1977,,,,,,,,6.4,,,,,,,,,,,
11/1/1977,,,,,,,,6.4,,,,,,,,,,,
12/1/1977,,,,,,,,6.3,,,,,,,,,,,
1/1/1978,,,,,,,,6.3,,,,,,,,,,,
2/1/1978,,,,,,,,6.3,,,,,,,,,,,
3/1/1978,,,,,,,,6.3,,,,,,,,,,,
4/1/1978,,,,,,,,6.2,,,,,,,,,,,
5/1/1978,,,,,,,,6.1,,,,,,,,,,,
6/1/1978,,,,,,,,6,,,,,,,,,,,
7/1/1978,,,,,,,,5.9,,,,,,,,,,,
8/1/1978,,,,,,,,5.8,,,,,,,,,,,
9/1/1978,,,,,,,,5.7,,,,,,,,,,,
10/1/1978,,,,,,,,5.7,,,,,,,,,,,
11/1/1978,,,,,,,,5.6,,,,,,,,,,,
12/1/1978,,,,,,,,5.6,,,,,,,,,,,
1/1/1979,,,,,,,,5.6,,,,,,,,,,,
2/1/1979,,,,,,,,5.5,,,,,,,,,,,
3/1/1979,,,,,,,,5.5,,,,,,,,,,,
4/1/1979,,,,,,,,5.4,,,,,,,,,,,
5/1/1979,,,,,,,,5.2,,,,,,,,,,,
6/1/1979,,,,,,,,5.2,,,,,,,,,,,
7/1/1979,,,,,,,,5.2,,,,,,,,,,,
8/1/1979,,,,,,,,5.3,,,,,,,,,,,
9/1/1979,,,,,,,,5.5,,,,,,,,,,,
10/1/1979,,,,,,,,5.8,,,,,,,,,,,
11/1/1979,,,,,,,,6,,,,,,,,,,,
12/1/1979,,,,,,,,6.3,,,,,,,,,,,
1/1/1980,,,,,,,,6.5,,,,,,,,,,,
2/1/1980,,,,,,,,6.8,,,,,,,,,,,
3/1/1980,,,,,,,,7.2,,,,,,,,,,,
4/1/1980,,,,,,,,7.6,,,,,,,,,,,
5/1/1980,,,,,,,,8.1,,,,,,,,,,,
6/1/1980,,,,,,,,8.4,,,,,,,,,,,
7/1/1980,,,,,,,,8.7,,,,,,,,,,,
8/1/1980,,,,,,,,8.9,,,,,,,,,,,
9/1/1980,,,,,,,,8.9,,,,,,,,,,,
10/1/1980,,,,,,,,8.9,,,,,,,,,,,
11/1/1980,,,,,,,,8.9,,,,,,,,,,,
12/1/1980,,,,,,,,8.9,,,,,,,,,,,
1/1/1981,,,,,,,,8.8,,,,,,,,,,,
2/1/1981,,,,,,,,8.7,,,,,,,,,,,
3/1/1981,,,,,,,,8.5,,,,,,,,,,,
4/1/1981,,,,,,,,8.4,,,,,,,,,,,
5/1/1981,,,,,,,,8.3,,,,,,,,,,,
6/1/1981,,,,,,,,8.2,,,,,,,,,,,
7/1/1981,,,,,,,,8.2,,,,,,,,,,,
8/1/1981,,,,,,,,8.3,,,,,,,,,,,
9/1/1981,,,,,,,,8.4,,,,,,,,,,,
10/1/1981,,,,,,,,8.6,,,,,,,,,,,
11/1/1981,,,,,,,,8.9,,,,,,,,,,,
12/1/1981,,,,,,,,9.1,,,,,,,,,,,
1/1/1982,,,,,,,-2.64,9.4,,,,,,,,,,,
2/1/1982,,,,,,,-2.58,9.7,,,,,,,,,,,
3/1/1982,,,,,,,-2.45,10.1,,,,,,,,,,,
4/1/1982,,,,,,,-2.57,10.5,,,,,,,,,,,
5/1/1982,,,,,,,-2.64,10.9,,,,,,,,,,,
6/1/1982,,,,,,,-2.76,11.3,,,,,,,,,,,
7/1/1982,,,,,,,-1.8,11.7,,,,,,,,,,,
8/1/1982,,,,,,,-1.64,12,,,,,,,,,,,
9/1/1982,,,,,,,-1.66,12.3,,,,,,,,,,,
10/1/1982,,,,,,,-1.1,12.6,,,,,,,,,,,
11/1/1982,,,,,,,-0.31,12.8,,,,,,,,,,,
12/1/1982,,,,,,,0.62,13,,,,,,,,,,,
1/1/1983,,,,,,,1.31,13.1,,,,,,,,,,,
2/1/1983,,,,,,,2.11,13.1,,,,,,,,,,,
3/1/1983,,,,,,,2.57,13,,,,,,,,,,,
4/1/1983,,,,,,,3.03,12.8,,,,,,,,,,,
5/1/1983,,,,,,,3.34,12.5,,,,,,,,,,,
6/1/1983,,,,,,,3.62,12.2,,,,,,,,,,,
7/1/1983,,,,,,,3.77,11.8,,,,,,,,,,,
8/1/1983,,,,,,,3.47,11.4,,,,,,,,,,,
9/1/1983,,,,,,,3.55,11,,,,,,,,,,,
10/1/1983,,,,,,,3.16,10.6,,,,,,,,,,,
11/1/1983,,,,,,,3.23,10.3,,,,,,,,,,,
12/1/1983,,,,,,,2.98,10,,,,,,,,,,,
1/1/1984,,,,,,,2.96,9.8,,,,,,,,,,,
2/1/1984,,,,,,,3.34,9.6,,,,,,,,,,,
3/1/1984,,,,,,,3.42,9.4,,,,,,,,,,,
4/1/1984,,,,,,,3.53,9.1,,,,,,,,,,,
5/1/1984,,,,,,,2.83,8.9,,,,,,,,,,,
6/1/1984,,,,,,,2.37,8.8,,,,,,,,,,,
7/1/1984,,,,,,,2.35,8.7,,,,,,,,,,,
8/1/1984,,,,,,,1.26,8.7,,,,,,,,,,,
9/1/1984,,,,,,,1.62,8.8,,,,,,,,,,,
10/1/1984,,,,,,,1.44,8.8,,,,,,,,,,,
11/1/1984,,,,,,,1.3,8.9,,,,,,,,,,,
12/1/1984,,,,,,,1.32,8.9,,,,,,,,,,,
1/1/1985,,,,,,,1.36,8.9,,,,,,,,,,,
2/1/1985,,,,,,,1.41,8.9,,,,,,,,,,,
3/1/1985,,,,,,,1.23,8.9,,,,,,,,,,,
4/1/1985,,,,,,,0.69,9,,,,,,,,,,,
5/1/1985,,,,,,,0.53,9.1,,,,,,,,,,,
6/1/1985,,,,,,,0.67,9.2,,,,,,,,,,,
7/1/1985,,,,,,,1.07,9.3,,,,,,,,,,,
8/1/1985,,,,,,,1.82,9.3,,,,,,,,,,,
9/1/1985,,,,,,,1.91,9.2,,,,,,,,,,,
10/1/1985,,,,,,,1.79,9.1,,,,,,,,,,,
11/1/1985,,,,,,,1.93,9,,,,,,,,,,,
12/1/1985,,,,,,,2.14,8.8,,,,,,,,,,,
1/1/1986,,,,,,,1.86,8.7,,,,,,,,,,,
2/1/1986,,,,,,,1.82,8.7,,,,,,,,,,,
3/1/1986,,,,,,,2.26,8.6,,,,,,,,,,,
4/1/1986,,,,,,,2.95,8.6,,,,,,,,,,,
5/1/1986,,,,,,,2.97,8.5,,,,,,,,,,,
6/1/1986,,,,,,,2.78,8.4,,,,,,,,,,,
7/1/1986,,,,,,,2.58,8.3,,,,,,,,,,,
8/1/1986,,,,,,,3.55,8.2,,,,,,,,,,,
9/1/1986,,,,,,,3.24,8,,,,,,,,,,,
10/1/1986,,,,,,,2.68,7.9,,,,,,,,,,,
11/1/1986,,,,,,,2.3,7.8,,,,,,,,,,,
12/1/1986,,,,,,,2.32,7.8,,,,,,,,,,,
1/1/1987,,,,,,,2.37,7.8,,,,,,,,,,,
2/1/1987,,,,,,,2.46,7.8,,,,,,,,,,,
3/1/1987,,,,,,,2.08,7.8,,,,,,,,,,,
4/1/1987,,,,,,,2,7.8,,,,,,,,,,,
5/1/1987,,,,,,,2.81,7.7,,,,,,,,,,,
6/1/1987,,,,,,,2.37,7.5,,,,,,,,,,,
7/1/1987,,,,,,,2.53,7.4,,,,,,,,,,,
8/1/1987,,,,,,,2.69,7.2,,,,,,,,,,,
9/1/1987,,,,,,,2.06,7.1,,,,,,,,,,,
10/1/1987,,,,,,,2.56,7.1,,,,,,,,,,,
11/1/1987,,,,,,,3,7,,,,,,,,,,,
12/1/1987,,,,,,,2.6,7,,,,,,,,,,,
1/1/1988,,,,,,,2.65,7,,,,,,,,,,,
2/1/1988,,,,,,,2.55,7,,,,,,,,,,,
3/1/1988,,,,,,,2.85,7,,,,,,,,,,,
4/1/1988,,,,,,,2.89,6.9,,,,,,,,,,,
5/1/1988,,,,,,,2.73,6.8,,,,,,,,,,,
6/1/1988,,,,,,,2.84,6.7,,,,,,,,,,,
7/1/1988,,,,,,,2.1,6.6,,,,,,,,,,,
8/1/1988,,,,,,,1.8,6.6,,,,,,,,,,,
9/1/1988,,,,,,,2.1,6.5,,,,,,,,,,,
10/1/1988,,,,,,,2.12,6.4,,,,,,,,,,,
11/1/1988,,,,,,,2.68,6.3,,,,,,,,,,,
12/1/1988,,,,,,,2.63,6.1,,,,,,,,,,,
1/1/1989,,,,,,,1.83,6,,,,,,,,,,,
2/1/1989,,,,,,,1.47,5.9,,,,,,,,,,,
3/1/1989,,,,,,,1.09,5.8,,,,,,,,,,,
4/1/1989,,,,,,,0.81,5.8,,,,,,,,,,,
5/1/1989,,,,,,,0.82,5.8,,,,,,,,,,,
6/1/1989,,,,,,,0.57,5.8,,,,,,,,,,,
7/1/1989,,,,,,,-0.37,5.9,,,,,,,,,,,
8/1/1989,,,,,,,-0.03,6.1,,,,,,,,,,,
9/1/1989,,,,,,,0.39,6.2,,,,,,,,,,,
10/1/1989,,,,,,,0.96,6.3,,,,,,,,,,,
11/1/1989,,,,,,,1.25,6.3,,,,,,,,,,,
12/1/1989,,,,,,,1.55,6.3,,,,,,,,,,,
1/1/1990,230.4,529.1,372.6,755.3,922.3,5268.3,2.11,6.2,1171.5,,,,,,,,,,
2/1/1990,230,528.3,373.5,757,926.2,5278,1.68,6.1,1175,,,,,,,,,,
3/1/1990,228.9,530.7,373.6,763.2,924.8,5290.9,1.82,6,1172.3,,,,,,,,,,
4/1/1990,226.2,531.1,373.1,762.9,920.8,5284.2,0.87,5.9,1165.3,,,,,,,,,,
5/1/1990,223.9,533.9,373.7,770.2,921.2,5291.7,0.66,6,1163.2,,,,,,,,,,
6/1/1990,222.2,535.3,374,772.6,918.5,5297,0.25,6,1159,,,,,,,,,,
7/1/1990,223.5,537.1,376.1,769.7,912.4,5298.8,-0.38,6.2,1154.2,,,,,,,,,,
8/1/1990,222.7,539.6,374.8,773.9,915.3,5308.9,-0.4,6.3,1156.5,,,,,,,,,,
9/1/1990,221.6,544.8,376.5,765.6,909.4,5297.8,-0.09,6.4,1149.7,,,,,,,,,,
10/1/1990,217.9,543.7,375,766.7,906,5282.6,-0.55,6.4,1142.4,,,,,,,,,,
11/1/1990,219.5,547.2,374.8,764,900.7,5274.5,-0.34,6.4,1138.6,,,,,,,,,,
12/1/1990,217.2,549.3,373.7,767.8,897.2,5270,-0.95,6.4,1133,,,,,,,,,,
1/1/1991,213.3,550.6,374.4,773.2,892.6,5274.7,-1.24,6.5,1123.8,,,,,,,,,,
2/1/1991,211.2,554.5,373.8,769.6,886.9,5256.5,-1.02,6.6,1116,,,,,,,,,,
3/1/1991,210.7,556.1,374.3,769.4,882.3,5253.6,-0.6,6.7,1110.7,,,,,,,,,,
4/1/1991,211.6,564.3,374.9,774,881.3,5256.2,-0.09,6.8,1111,,,,,,,,,,
5/1/1991,211.1,565.4,374.9,771.9,877.9,5244.1,0.28,6.9,1107.1,,,,,,,,,,
6/1/1991,209.9,566.2,375.4,763.1,875.3,5234.2,0.14,7,1103.2,,,,,,,,,,
7/1/1991,208.4,560.7,373.6,770.1,870.3,5214.6,0.11,7.2,1096.6,,,,,,,,,,
8/1/1991,207.3,562.4,373.4,767.9,867.7,5207.3,0.3,7.4,1092.8,,,,,,,,,,
9/1/1991,207,563.6,374.3,768.9,869.3,5214.7,0.14,7.6,1094.1,,,,,,,,,,
10/1/1991,208,568.7,373.2,769.6,873.4,5220.3,-0.15,7.9,1099,,,,,,,,,,
11/1/1991,202.9,570,373.3,772.6,872,5214.1,-0.28,8.2,1092.5,,,,,,,,,,
12/1/1991,200.8,571.3,374.2,771.5,861.2,5204.1,0.06,8.4,1079.3,,,,,,,,,,
1/1/1992,209,572.9,374.2,776.4,844.8,5215.5,0.79,8.5,1071,,,,,,,,,,
2/1/1992,206.4,573.1,374.6,774.9,846,5210.7,1.72,8.5,1069.5,,,,,,,,,,
3/1/1992,203.6,573.9,374.2,774.8,844.1,5206.4,1.67,8.4,1064.7,,,,,,,,,,
4/1/1992,201.1,575.7,372.5,777.7,851.9,5208.5,2.15,8.4,1070,,,,,,,,,,
5/1/1992,200.1,577.9,373.9,772.5,855.1,5222.6,2.71,8.2,1072.2,,,,,,,,,,
6/1/1992,200.4,581.4,373.7,777.1,854.5,5230.1,2.74,8.1,1071.9,,,,,,,,,,
7/1/1992,200.1,583.2,379.4,762.2,862.2,5226.2,3.07,7.9,1079.3,,,,,,,,,,
8/1/1992,199.7,585.7,379.2,764.4,866.6,5241.7,3.08,7.6,1083.4,,,,,,,,,,
9/1/1992,199,588,379.4,775.5,863.3,5246.5,2.41,7.4,1079.2,,,,,,,,,,
10/1/1992,200.7,585.8,376.9,774.5,858.5,5263.6,2.01,7.3,1076,,,,,,,,,,
11/1/1992,199.7,586.9,376.6,780.6,857.6,5271.7,1.59,7.3,1074.1,,,,,,,,,,
12/1/1992,200.5,588.5,376.5,776.7,857,5273.3,1.88,7.4,1074.2,,,,,,,,,,
1/1/1993,205.4,591.3,379,776.1,858.3,5290.3,1.49,7.5,1080.3,,,,,,,,,,
2/1/1993,205.4,592.1,378.4,777,859.8,5295.8,1.38,7.7,1081.6,,,,,,,,,,
3/1/1993,201.4,592.2,379.1,773.1,859.5,5289.1,1.73,7.8,1077.1,,,,,,,,,,
4/1/1993,200.6,593.4,380,777.5,858.2,5312.9,1.86,7.8,1074.9,,,,,,,,,,
5/1/1993,200.7,593.4,380.5,783.7,856.8,5321.5,2.06,7.8,1073.4,,,,,,,,,,
6/1/1993,200.3,593.2,381,774.8,856.6,5320.7,2.13,7.7,1072.4,,,,,,,,,,
7/1/1993,199.8,593.3,382.4,765.3,859.1,5313.1,2.03,7.6,1073.1,,,,,,,,,,
8/1/1993,201.4,596.3,384.3,768.6,860.3,5333.3,2.43,7.5,1075.5,,,,,,,,,,
9/1/1993,202.3,595.8,384.4,768.8,859.9,5341.5,2.31,7.3,1076.2,,,,,,,,,,
10/1/1993,205.9,596,386.3,774.2,864.1,5374.1,2.68,7.1,1084,,,,,,,,,,
11/1/1993,208.5,597.5,386.8,777.2,866.2,5384.6,2.46,6.9,1088.8,,,,,,,,,,
12/1/1993,209.5,599.8,384.5,780.6,867.7,5397.3,2.64,6.8,1091.3,,,,,,,,,,
1/1/1994,209.7,598.8,377,777.9,869.3,5390.4,2.16,6.6,1094.4,,,,,,,,,,
2/1/1994,208.4,600.1,377.6,779.6,870.6,5401.6,2.23,6.4,1094.2,,,,,,,,,,
3/1/1994,213,600.4,378.1,784.1,875,5426.8,2.51,6.2,1102.6,,,,,,,,,,
4/1/1994,214,601.5,378.7,781.8,876.9,5443.2,2.68,6,1105.6,,,,,,,,,,
5/1/1994,215.7,602.4,378.8,785.7,880.4,5458.9,2.52,5.8,1110.8,,,,,,,,,,
6/1/1994,216,603.4,379.4,784.3,883,5468.8,2.27,5.7,1113.8,,,,,,,,,,
7/1/1994,216.2,603.6,378,784.1,874.6,5467.2,1.93,5.6,1105.5,,,,,,,,,,
8/1/1994,217.1,607.3,378.3,790.2,875,5482.2,1.89,5.6,1106.8,,,,,,,,,,
9/1/1994,219.5,612.1,379.3,788.5,878.8,5503.9,2.55,5.5,1113,,,,,,,,,,
10/1/1994,215.8,601.7,375.8,793.4,881.2,5489.9,2.26,5.3,1111.6,,,,,,,,,,
11/1/1994,218.1,608,375.9,792.9,884.7,5508.9,2.32,5.2,1117.4,,,,,,,,,,
12/1/1994,220.5,608,375.6,795.5,886.3,5515.4,2.65,5,1121.3,,,,,,,,,,
1/1/1995,222,610.6,377.3,797.2,890,5549.4,1.6,4.9,1126.3,,,,,,,,,,
2/1/1995,222.3,613.2,377.8,800,893.1,5568.3,1.42,5,1129.5,,,,,,,,,,
3/1/1995,224.7,616.3,377.8,799.6,894.7,5583.5,1.33,5,1133.7,,,,,,,,,,
4/1/1995,219.5,617.9,377.7,801.5,898.7,5584.2,0.76,5.1,1132.6,,,,,,,,,,
5/1/1995,216.9,621.1,377.7,800.8,896.2,5581.2,0.86,5.2,1127.3,,,,,,,,,,
6/1/1995,222,623.1,378.4,802.1,894.1,5595.3,1.41,5.2,1130.2,,,,,,,,,,
7/1/1995,224.1,621.6,373.6,776.4,889.2,5565.2,1.32,5.2,1127.2,,,,,,,,,,
8/1/1995,224.2,625.9,373.5,777.5,891.9,5580.6,1.43,5.2,1129.9,,,,,,,,,,
9/1/1995,225.7,629.2,375.8,813.3,893.9,5634.2,1.96,5.2,1133.3,,,,,,,,,,
10/1/1995,224.6,620.2,376,803.4,893.9,5615.6,1.49,5.2,1132.1,,,,,,,,,,
11/1/1995,224,623.6,376.4,805.4,894.2,5623.9,1.29,5.3,1131.6,,,,,,,,,,
12/1/1995,224.4,627.8,377.3,805.1,894.6,5636.6,1.52,5.3,1132.3,,,,,,,,,,
1/1/1996,225.2,630.2,374.2,804.5,903.1,5641.8,1.87,5.3,1141.5,,,,,,,,,,
2/1/1996,225.1,630.7,374.5,806.8,901.4,5645.1,0.96,5.3,1139.6,,,,,,,,,,
3/1/1996,226.1,631.4,375.4,811.9,902.2,5655.6,0.97,5.4,1141.3,,,,,,,,,,
4/1/1996,228.1,632.1,383.6,809.9,895.7,5661.7,1.69,5.4,1136.6,,,,,,,,,,
5/1/1996,226.7,632.2,384.6,807.8,896.4,5667.9,1.65,5.4,1135.8,,,,,,,,,,
6/1/1996,228.9,633.9,385.3,815.8,898.3,5689.4,2.26,5.4,1139.9,,,,,,,,,,
7/1/1996,230.3,635.3,385.9,809.1,898,5685,1.94,5.3,1140.9,,,,,,,,,,
8/1/1996,231.3,636.3,386.4,810.4,898.4,5698.9,2.04,5.3,1142.3,,,,,,,,,,
9/1/1996,230.7,637.5,387.2,808,896.3,5695.4,2.21,5.2,1139.6,,,,,,,,,,
10/1/1996,231.5,640.2,388,805.2,898.3,5706.5,1.79,5.1,1142.3,,,,,,,,,,
11/1/1996,232.5,642.6,389.3,812.1,898.9,5727,1.66,5.1,1143.7,,,,,,,,,,
12/1/1996,231.9,645,389.7,805.6,897.9,5727.7,1.59,5.1,1142.1,,,,,,,,,,
1/1/1997,229.9,639.6,391,807.8,897.9,5729.4,1.88,5.1,1140.1,,,,,,,,,,
2/1/1997,232.1,639.5,391.3,807.3,897.8,5729.7,2.15,5,1142.2,,,,,,,,,,
3/1/1997,234.9,640.4,391.8,807.1,899.4,5743.5,2.38,4.9,1146.4,,,,,,,,,,
4/1/1997,237.2,642.8,392.5,800.1,904.2,5746.3,2.19,4.8,1153.7,,,,,,,,,,
5/1/1997,238.2,644.6,393.4,809.9,904.7,5768.3,2.47,4.7,1154.8,,,,,,,,,,
6/1/1997,238.7,645,393.6,812,902,5774.9,1.98,4.6,1152.4,,,,,,,,,,
7/1/1997,235.1,638.1,394.2,809.3,900,5767.1,2.02,4.6,1146.8,,,,,,,,,,
8/1/1997,233.6,640,396,811.2,904.3,5763.7,1.5,4.6,1149.5,,,,,,,,,,
9/1/1997,235.2,640.7,396,808,904.2,5781.6,2.07,4.7,1151,,,,,,,,,,
10/1/1997,236.2,647.1,396.8,799.7,904.2,5793.9,1.98,4.7,1152,,,,,,,,,,
11/1/1997,237.5,647.6,397.8,810.9,903.5,5819.1,2.64,4.8,1152.6,,,,,,,,,,
12/1/1997,236.8,648.5,397.8,812.2,904.1,5833.3,2.73,4.7,1152.5,,,,,,,,,,
1/1/1998,237.7,653.6,399.8,813.2,912.1,5851.5,2.7,4.7,1161.4,,,,,,,,,,
2/1/1998,239.8,655.5,401.9,810.6,910,5854.3,2.48,4.6,1161,,,,,,,,,,
3/1/1998,234.3,657.9,401.9,814.5,910.1,5853.3,2.89,4.5,1155.4,,,,,,,,,,
4/1/1998,240.4,659.2,403.9,811.9,908.9,5865.9,2.21,4.3,1160.4,,,,,,,,,,
5/1/1998,242.8,661.3,400.7,813.9,908.4,5885.8,1.9,4.3,1162.4,,,,,,,,,,
6/1/1998,243.2,660.7,401.4,815.3,908.3,5892.8,1.97,4.3,1162.6,,,,,,,,,,
7/1/1998,246.4,661.3,398.5,813.9,906.6,5909,1.86,4.3,1164.1,,,,,,,,,,
8/1/1998,247.8,663.4,398.3,815.9,905.9,5916.6,1.33,4.4,1164.8,,,,,,,,,,
9/1/1998,249.2,666.4,398.5,823.7,903.6,5934.3,1.66,4.5,1163.8,,,,,,,,,,
10/1/1998,249.8,665.4,400.6,817.8,900.7,5928.7,2.11,4.5,1161,,,,,,,,,,
11/1/1998,251.2,665.7,400.9,821,898,5939.1,2.1,4.4,1160,,,,,,,,,,
12/1/1998,254.2,667,401.7,822,896.7,5947.3,1.88,4.3,1162.1,,,,,,,,,,
1/1/1999,247,658.9,402.1,817.9,891.2,5915.9,1.69,4.2,1148.9,,,,,,,,,,
2/1/1999,252.6,661.5,403,816.2,889.9,5933.3,1.22,4.1,1153.2,,,,,,,,,,
3/1/1999,251.6,662.3,404.2,819.8,881.7,5937.2,0.68,4.2,1144,,,,,,,,,,
4/1/1999,253,661.8,405.4,827.1,881.5,5949.1,0.88,4.3,1145.1,,,,,,,,,,
5/1/1999,252.3,662.9,406.1,823.5,880.2,5946.4,1.01,4.4,1143.2,,,,,,,,,,
6/1/1999,255.9,664.4,406.3,826.3,880.9,5960.5,0.85,4.5,1147.5,,,,,,,,,,
7/1/1999,256.3,664.7,408,829,879.9,5958.7,1.16,4.6,1146.7,,,,,,,,,,
8/1/1999,257.2,664.3,408.1,832.1,880,5963,1.76,4.6,1147.8,,,,,,,,,,
9/1/1999,258.4,665.4,406.6,832.3,880.1,5960.8,2.04,4.5,1149.1,,,,,,,,,,
10/1/1999,261.1,669.1,406.4,830.5,880.7,5987.2,2.26,4.4,1152.3,,,,,,,,,,
11/1/1999,262.4,669.9,406.1,828.4,881.1,5994.2,1.84,4.3,1153.9,,,,,,,,,,
12/1/1999,265.3,672.9,404.9,829.2,879.2,6003.6,1.99,4.3,1154.9,,,,,,,,,,
1/1/2000,265.5,676.6,406.3,832,877.2,6011.5,2,4.2,1152.9,,,,,,,,,,
2/1/2000,267.7,676.6,405.8,834.6,876.2,6022.2,1.14,4.2,1153.9,,,,,,,,,,
3/1/2000,272.5,677,404.3,837.5,876.7,6040.2,1.08,4.3,1159.2,,,,,,,,,,
4/1/2000,271.9,678.8,403.7,834.9,876.7,6046.4,1.57,4.3,1158.5,,,,,,,,,,
5/1/2000,271.2,679.7,402.8,847.4,874.6,6049.6,1.1,4.3,1155.6,,,,,,,,,,
6/1/2000,270.4,684.1,403.1,845.9,871.2,6054.7,0.66,4.3,1151.3,,,,,,,,,,
7/1/2000,269.4,681.8,402.3,838.8,873.8,6046.4,0.7,4.3,1153,,,,,,,,,,
8/1/2000,270.7,682.5,403.1,843.5,869.4,6058.5,0.07,4.3,1149.9,,,,,,,,,,
9/1/2000,270.8,683.1,403.5,839.3,867.3,6057.6,0.2,4.4,1147.9,,,,,,,,,,
10/1/2000,270.8,682.1,404.4,839.5,864.4,6051,0.17,4.4,1145,,,,,,,,,,
11/1/2000,270.2,684.3,404.1,841.2,863.4,6056.9,-0.52,4.5,1143.5,,,,,,,,,,
12/1/2000,264.1,685.6,405.8,843.4,856.8,6044.7,-0.81,4.7,1130.7,,,,,,,,,,
1/1/2001,269.7,687.3,403.7,841.1,851.2,6042.8,-0.59,4.8,1130.8,,,,,,,,,,
2/1/2001,274.2,688.6,404.4,844.1,847.8,6048.6,-0.74,5,1132,,,,,,,,,,
3/1/2001,276.6,692.2,405.2,844.5,841.9,6045.9,-0.2,5.1,1128.5,,,,,,,,,,
4/1/2001,278.1,694.4,404.6,843.8,833.9,6035.7,0.09,5.1,1122.1,,,,,,,,,,
5/1/2001,279.7,694.8,404.7,849.8,827.1,6030.8,-0.84,5.1,1116.9,,,,,,,,,,
6/1/2001,278.3,697.4,404.6,850.9,820.3,6021.9,-0.31,5.2,1108.6,,,,,,,,,,
7/1/2001,277.7,699.5,403.9,853.4,809.7,5995,-1.18,5.2,1097.6,,,,,,,,,,
8/1/2001,277.8,701.7,402.9,853.9,803.9,5981.2,-0.84,5.4,1091.7,,,,,,,,,,
9/1/2001,276.7,702.9,402.3,853.2,799.1,5963.2,-1.52,5.5,1085.8,,,,,,,,,,
10/1/2001,276.9,700.7,402.1,854.4,790.4,5935,-1.64,5.8,1077.1,,,,,,,,,,
11/1/2001,279.7,701.8,402.5,854.1,782,5921.5,-1.5,6,1071.6,,,,,,,,,,
12/1/2001,279.5,702.9,401.8,858.1,776.2,5914.6,-0.5,6.2,1065.6,,,,,,,,,,
1/1/2002,277.1,705,402,860.1,772.7,5911.6,-0.4,6.3,1059.9,,,,,,,,,,
2/1/2002,276.9,706.6,401.7,857.4,767.9,5899.4,0.17,6.5,1054.9,,,,,,,,,,
3/1/2002,275.9,707.4,400.9,860.5,764,5890,0.02,6.5,1049.8,,,,,,,,,,
4/1/2002,274.7,708.8,400.1,863.3,761.6,5894,0.2,6.6,1046,,,,,,,,,,
5/1/2002,274.1,711,399.9,864,758.3,5887.4,0.16,6.6,1042,,,,,,,,,,
6/1/2002,276,711.4,399.5,865.9,755.2,5887.5,0.32,6.6,1040.8,,,,,,,,,,
7/1/2002,277.3,710,399.3,855,752,5875,0.18,6.6,1038.8,,,,,,,,,,
8/1/2002,278.6,710.7,399.3,857.1,748.9,5877.7,0.59,6.6,1037,,,,,,,,,,
9/1/2002,280.1,713.4,400.1,855.9,745.7,5871.5,0.76,6.5,1035.3,,,,,,,,,,
10/1/2002,281,713.4,401.2,861.8,742.9,5873.3,-0.52,6.5,1033.4,,,,,,,,,,
11/1/2002,279.8,714.4,401.7,862.5,741.1,5871.5,-0.54,6.6,1030.4,,,,,,,,,,
12/1/2002,278,715.3,401.7,863,737.2,5860.9,0.02,6.6,1024.9,,,,,,,,,,
1/1/2003,277.7,714,401.7,860,733.9,5848.1,-0.01,6.6,1021.3,,,,,,,,,,
2/1/2003,274,713.5,401.4,859.4,730.6,5831.4,-0.7,6.6,1014.2,,,,,,,,,,
3/1/2003,272.7,713.9,401.2,856.4,727.4,5816,-0.38,6.7,1009.7,,,,,,,,,,
4/1/2003,274.6,713.6,402,858.1,722.9,5815.8,-0.16,6.7,1007.2,,,,,,,,,,
5/1/2003,275.3,715,402.6,853.4,718.8,5807.6,-0.27,6.8,1003.7,,,,,,,,,,
6/1/2003,275.8,718.4,402.7,857.1,713.9,5809.6,0.35,6.9,999.2,,,,,,,,,,
7/1/2003,277.2,719.4,402.6,854.5,709.8,5804.2,0.32,6.9,996.2,,,,,,,,,,
8/1/2003,278.1,720.8,403,853.5,706.2,5805.1,0.7,7,993.6,,,,,,,,,,
9/1/2003,277.5,721.2,402.7,845.9,703.2,5800.8,1.09,6.9,990,,,,,,,,,,
10/1/2003,272.3,722.5,400.8,846.6,702.7,5801.6,1.7,6.8,984.4,,,,,,,,,,
11/1/2003,271,723.1,400.3,845.1,700.5,5793.5,1.57,6.6,980.8,,,,,,,,,,
12/1/2003,271.9,723.3,399.7,845.1,699,5797,1.48,6.5,980.2,,,,,,,,,,
1/1/2004,269.5,724.6,399.6,849.5,698.2,5800.2,1.06,6.4,976.9,,,,,,,,,,
2/1/2004,266.8,725,399.6,846,696.5,5793.3,1.15,6.4,972.4,,,,,,,,,,
3/1/2004,269.7,725.2,400.1,845.1,696.5,5800.2,1.13,6.3,975.5,,,,,,,,,,
4/1/2004,269.2,727.4,398.6,843.6,695.3,5801.2,1.32,6.3,973.8,,,,,,,,,,
5/1/2004,269.8,728,399.1,841.7,697.6,5811,1.22,6.2,976.8,,,,,,,,,,
6/1/2004,269.9,729.4,399.1,842.8,698.8,5818.9,1.33,6.2,978.1,,,,,,,,,,
7/1/2004,269.3,729.2,399.4,845.7,697.6,5821,1.25,6.1,976.3,,,,,,,,,,
8/1/2004,268.7,730.8,399.7,850.7,698.7,5828.9,1.09,6.1,977,,,,,,,,,,
9/1/2004,269.4,730.8,399.4,839.8,698.6,5818.1,0.8,6.1,977.6,,,,,,,,,,
10/1/2004,270.8,734,399.3,846.5,697.2,5831.2,1.33,6.1,977.3,,,,,,,,,,
11/1/2004,272.1,735.7,399.4,846.4,696.2,5833.5,1.32,6,977.8,,,,,,,,,,
12/1/2004,278.2,737.6,399.6,844.5,695.2,5847.1,0.75,6,982.8,,,,,,,,,,
1/1/2005,266.9,739.5,399.6,845.4,691.8,5827.3,1,6,968.1,,,,,,,,,,
2/1/2005,268.7,739.3,399.4,844.5,691.1,5835.5,1.17,5.9,969.2,,,,,,,,,,
3/1/2005,267.7,738.3,398.8,844.5,690.6,5833.8,1.12,5.9,967.8,,,,,,,,,,
4/1/2005,269.3,743.3,401.2,842.6,691.5,5856.8,1.69,5.8,970.4,,,,,,,,,,
5/1/2005,268.6,744.1,401.3,844.4,690.5,5854.6,1.03,5.7,968.8,,,,,,,,,,
6/1/2005,266.6,742.7,400.5,838.5,687.9,5838.4,1.05,5.7,964.3,,,,,,,,,,
7/1/2005,267.3,747.4,402.8,852.7,688.7,5876,1.35,5.6,965.9,,,,,,,,,,
8/1/2005,267.2,747,402.9,855.8,687.9,5880.3,0.87,5.6,965.1,,,,,,,,,,
9/1/2005,268.8,748.4,404,849.5,686.4,5884.9,1.28,5.6,965.3,,,,,,,,,,
10/1/2005,269.8,749.3,404,845.9,684.6,5880.2,1.51,5.5,964.6,,,,,,,,,,
11/1/2005,271.5,750.4,404.1,846.4,684.4,5889,1.96,5.4,966.2,,,,,,,,,,
12/1/2005,272,751.3,404.2,847.2,683.5,5890.1,1.75,5.2,965.8,,,,,,,,,,
1/1/2006,275.2,752.8,404.6,844.8,685.3,5900.6,2.07,5.1,971.1,,,,,,,,,,
2/1/2006,277.3,755.5,404.6,843.8,685.6,5916.3,2.52,4.9,973.3,,,,,,,,,,
3/1/2006,277.6,756.8,404.7,845.1,682.8,5923,1.86,4.7,970.7,,,,,,,,,,
4/1/2006,279.1,757.6,405,841.4,684.4,5923.7,1.53,4.6,973.7,,,,,,,,,,
5/1/2006,276.4,759.5,404.8,844.9,682.5,5922.5,0.63,4.5,969.2,,,,,,,,,,
6/1/2006,277.3,761.6,404.8,847.2,683.8,5938,0.92,4.5,971.4,,,,,,,,,,
7/1/2006,274.5,762.9,405.3,847.1,685,5938.1,0.81,4.4,969.7,,,,,,,,,,
8/1/2006,274.8,765.9,405.5,849.7,683.5,5945.9,0.79,4.4,968.4,,,,,,,,,,
9/1/2006,272.8,766.9,405.9,849.1,683.7,5946,0.77,4.4,966.6,,,,,,,,,,
10/1/2006,272.6,767.2,406.1,843.9,682.3,5942.2,0.98,4.4,965.1,,,,,,,,,,
11/1/2006,271.6,768.4,405.8,844.4,681.5,5945.3,0.75,4.4,963.2,,,,,,,,,,
12/1/2006,272.9,769.7,405.5,844.9,680.6,5953.3,0.47,4.5,963.7,,,,,,,,,,
1/1/2007,274.6,771,406.8,847.5,681.1,5969.8,1.04,4.6,965.9,39.2,23.8,36.6,31,40.2,22.5,37.5,28.5,32.5,21.1
2/1/2007,265.6,773.9,406.2,846.7,679.8,5961.7,0.74,4.6,955.6,39.1,23.3,34.4,30.8,40.5,22.3,37.5,30.5,32.3,21
3/1/2007,274,775.3,405.2,847.7,680,5980.7,0.45,4.7,964.3,39.7,23.5,36.8,30.6,40.6,22.2,36.8,29.4,32.5,21
4/1/2007,273.2,775.8,405,848.6,679.1,5978.4,0.82,4.8,962.6,39.5,23.9,36.6,30.8,40.4,22.5,37.8,29.4,32.6,21.5
5/1/2007,274.3,776.7,404.6,849.3,678.7,5984.3,0.74,4.8,963.4,39.8,23.9,38.2,30.9,40.5,22.2,36.6,29.5,32.4,21.2
6/1/2007,273.7,779.1,404.2,849.3,677.2,5987.6,0.34,4.9,961.3,40.1,24,38.4,31,40.5,22.1,36.7,29.5,32.5,21.2
7/1/2007,272,780.1,403.5,848.2,675.6,5984.8,-0.46,5,957.8,39.3,24.4,37.6,31.3,39.9,22.5,37.9,30,33,21.3
8/1/2007,270,781,401.8,850.3,672.9,5978.5,-0.27,5.2,953,39.6,24.1,37.5,31.4,40.4,22.1,36.6,29.3,32.4,21
9/1/2007,269.3,783.2,400.4,853.2,670.4,5979.5,-0.04,5.3,949.5,40.2,24.4,38.1,31.8,41,22.1,37.4,30,33,21.1
10/1/2007,268.6,785,399.3,851.2,667.9,5978.8,-0.16,5.4,946.4,39.7,24,37.9,30.9,40.4,21.6,36,27.8,31.6,21.7
11/1/2007,269,786.2,398.9,851.5,669.3,5986.2,0,5.5,948.2,39.5,23.9,37.3,30.9,40.4,21.6,36.2,27.9,32.1,21.8
12/1/2007,267.7,789.3,397.7,850.7,669.4,5987.9,0.14,5.5,946.8,39.6,24,36.5,31.4,40.8,21.7,36.6,27.9,32.4,21.9
1/1/2008,265.9,790.9,396.9,853.9,670.9,5994.5,-0.33,5.5,946.6,39.3,23.9,37,30.4,40.2,21.6,36.1,27.7,32.1,21.8
2/1/2008,263.8,791.5,396.5,854.3,668.2,5989.5,-0.95,5.6,941.8,39.1,23.9,36.9,30.9,40,21.5,36.1,27.5,32.2,21.6
3/1/2008,263,791.3,396.4,853.5,667.3,5981,-1.3,5.7,940.2,39.1,24.2,36.3,31.1,40.1,21.6,36.6,27.6,32.4,21.3
4/1/2008,261.4,797,395,853.7,665.2,5980.7,-1.45,5.9,936.3,39.1,24.1,36.1,31.2,39.9,21.7,36.1,27.8,32.2,21.6
5/1/2008,261.3,798.3,394,855.5,663.6,5976.2,-1.41,6.1,934.6,39.3,24.2,36,31.4,40,21.5,36,27.5,32.1,21.8
6/1/2008,260.1,800.6,392.9,856.2,661.8,5967.8,-1.48,6.3,931.5,39.1,24.5,35.9,31.5,39.7,21.6,36.3,27.9,32.3,21.7
7/1/2008,260.2,803.1,391.3,856.2,659.2,5962.7,-1.33,6.5,929.1,39.1,24.5,36.1,31.5,39.7,21.6,36,27.8,32,21.7
8/1/2008,259.2,805.8,390.4,855,656,5952.7,-1.61,6.6,925,39.1,24.6,36.2,31.5,39.7,21.7,36.1,27.8,32.1,21.7
9/1/2008,257,807.6,388.7,854.9,652,5932.1,-2.3,6.8,918.8,39,24.6,36,31.6,39.7,21.7,36,27.8,32.2,21.8
10/1/2008,254,808.2,387.8,856.8,646.6,5911.9,-2.85,7.1,910.4,39,24.7,36.1,31.7,39.5,21.9,36.2,27.9,32.1,21.8
11/1/2008,248.8,810.1,385.6,856.4,642.3,5884.8,-3.62,7.4,900.9,38.9,24.7,36.5,31.5,39.4,21.9,36.3,28.1,32.3,21.8
12/1/2008,243.4,810.9,383.9,858.5,631.9,5853.5,-4.75,7.9,885.1,38.8,24.7,36.8,31.3,39.2,21.8,36.4,28,32.3,21.8
1/1/2009,236.1,812,381.6,856.8,620.7,5803.6,-5.28,8.5,866.5,39,24.9,36.9,31.7,39.3,21.9,36.5,28.2,32.4,21.9
2/1/2009,233.3,813.3,379.4,855.3,610.7,5767.5,-4.71,9.1,853.8,39.1,24.9,38,32.1,39.5,22.1,36.8,28.8,32.5,22.1
3/1/2009,228.8,813.8,377.5,854.5,601.2,5726.1,-4.55,9.6,839.8,39.2,25.1,37.7,32.2,39.5,22.2,36.8,28.8,32.5,22.1
4/1/2009,219.4,813.9,375.2,861.5,586.6,5677.7,-3.87,10,815.6,39.2,25,37.9,32.1,39.5,22.1,36.8,28.6,32.4,22.2
5/1/2009,218.2,815.1,373.8,861.1,576.6,5667.7,-2.52,10.3,804.2,39.2,24.9,37.7,32.1,39.5,22.1,36.9,28.8,32.5,22.1
6/1/2009,215.5,816.8,372,858.4,569.3,5643.4,-2.09,10.5,794.3,39.4,24.8,37.6,32,39.7,22.2,36.9,29,32.5,22.1
7/1/2009,213.9,817.3,370.6,857.3,563.5,5624.1,-1.11,10.7,786.7,39.3,24.8,37.5,32.1,39.9,22,37,29.1,32.5,22.2
8/1/2009,212.5,817.8,369,853.3,562.2,5609.5,-1,10.8,783.8,39.4,24.9,37.6,32.2,40,22.1,37.1,29.1,32.7,22.2
9/1/2009,210.9,817,367.7,857.1,561.1,5600.9,-0.15,10.9,781.1,39.3,25,37.4,32.3,39.9,22.1,36.9,29.2,32.6,22.2
10/1/2009,208,819.4,366.3,856.3,558.1,5591.1,-0.2,11,775,39.4,24.9,37.7,32.4,40,22,36.9,29.3,32.5,22.3
11/1/2009,206.3,820.6,365.7,858.3,556.3,5594.1,-0.08,11.1,771.6,39.7,25.1,38,32.4,40.1,22.2,36.9,29.3,32.5,22.2
12/1/2009,203.9,821.9,364.7,856.7,554.8,5584.9,0.3,11.2,767.6,39.5,24.9,38.5,32.2,39.8,22.1,36.8,29.1,32.4,22.3
1/1/2010,202.5,823.3,364.3,857.5,553.8,5586,1.1,11.2,765.2,39.7,25.1,39.1,32.5,40.2,22.1,36.8,29,32.4,22.3
2/1/2010,200.7,824.1,363.7,857.2,554.9,5588.6,1.52,11.1,764.5,39.7,25,38.6,32.2,40.2,22.2,36.5,28.7,32.4,22.5
3/1/2010,201,825.1,363.6,854.9,555.3,5587.3,2.19,11,765.2,39.4,25,38.3,32.4,40.2,22.2,36.7,28.7,32.2,22.5
4/1/2010,201.2,828.9,363.7,857.3,557.9,5597.7,2.17,10.7,768.1,39.5,25,38.4,32.4,40.4,22.4,36.5,28.5,32.3,22.3
5/1/2010,199.4,831.7,363.6,870.7,559.7,5620.6,2.25,10.5,768.2,39.3,25,38.2,32.4,40.4,22.5,36.9,28.5,32.4,22.3
6/1/2010,199,832.8,363.3,859.6,560.5,5612.4,2.03,10.2,768.6,39.2,25,37.7,32.6,40.3,22.5,36.7,28,32.3,22.4
7/1/2010,189.6,834.8,363.3,853.9,561.7,5603.5,1.33,10,760.5,39.3,24.8,37.9,32.4,40.4,23.3,36.7,28,32,22.3
8/1/2010,197,835.1,363.2,855.9,563.1,5619.1,1.09,9.9,769.3,39.1,24.8,37.9,32.3,40.3,23.4,36.9,27.9,32.4,22.4
9/1/2010,197.5,836.9,363.1,850,563.4,5620.2,1.37,9.8,770.2,39.3,24.9,37.9,32.4,40.3,23.4,36.5,27.9,32.4,22.4
10/1/2010,198.8,840.7,364.1,847.4,566,5637.8,1.51,9.7,774.2,39.1,25,37.7,32.4,40.4,23.5,36.6,27.8,32.7,22.2
11/1/2010,198.7,842.5,364.3,844.8,567.2,5642.4,1.68,9.6,775.3,39.3,25,38.1,32.3,40.5,23.6,36.7,27.6,32.6,22.2
12/1/2010,196.9,842.3,364.2,842.2,568.4,5645.6,1.45,9.5,774.8,39.3,25.2,37.7,32.9,40.6,23.8,36.4,28.2,32.8,22.5
1/1/2011,196.8,843.4,363.9,841,569.7,5648.1,1.66,9.4,776,39.4,25.5,38.2,33.5,40.9,23.8,36.5,28.3,32.9,22.5
2/1/2011,197.7,844.1,363.7,841.6,569.9,5650.7,1.16,9.4,776.9,39.5,25.4,38,33.1,40.8,24,36.4,27.9,32.8,22.5
3/1/2011,198.4,845.8,363.3,840.3,571.7,5660.1,1.14,9.4,779.5,39.6,25.4,38.1,32.9,40.9,24,36.4,27.9,33,22.4
4/1/2011,196.5,844.6,362.6,842.1,573.8,5665.6,0.65,9.5,779.6,39.6,25.6,38.2,33.2,40.8,24,36.4,28.2,33.1,22.5
5/1/2011,197.9,845.8,362.3,839.3,574.1,5666.5,0.14,9.6,781.5,40.2,25.7,38.6,33.3,41,24.1,36.8,28.8,33.3,22.7
6/1/2011,196.7,847.2,362.2,838.5,574.8,5668.9,0.64,9.8,781,39.5,25.6,37.8,33.3,40.7,24,36.2,28.6,33,22.8
7/1/2011,196.2,847.4,363,840.5,575.8,5679.3,0.9,9.9,781.7,39.2,25.9,38.9,33.2,39.9,24.1,36.8,28.5,33.3,22.9
8/1/2011,196.5,849,363.3,838.7,575.5,5689.7,0.72,10,781.9,39.7,25.8,39,33.3,40.7,24,36.5,28.8,33.1,23
9/1/2011,194.9,852.9,363.7,834.9,574.5,5695,1.89,9.9,779.2,39.8,25.8,38.6,33,40.7,24,36.4,28.8,33,23.2
10/1/2011,191.5,852.8,364.3,832.8,575.5,5692.3,2.27,9.8,776.9,39.8,26.1,38.4,33.6,41,24.3,37.9,29.5,33.4,23.5
11/1/2011,191.9,853.1,363.8,832.2,575.8,5695.7,2.28,9.6,777.7,39.5,26,37.5,33.5,40.8,24,37.8,29.2,33.1,23.3
12/1/2011,194.8,855.8,363.2,831.4,575.9,5703.5,2.36,9.3,780.6,39.7,26.1,38.1,33.6,40.8,24.1,37.4,29.3,33.1,23.4
1/1/2012,193.2,856.7,364.1,831.1,578.2,5716.5,2.28,9.1,781.4,40,26,37.8,33.5,41.1,24,38.5,30.1,33.7,23.3
2/1/2012,193,858,364.5,831,579.5,5723.3,1.91,9,782.6,39.9,25.8,38,33.1,40.7,23.9,37.6,29.5,33.1,23.6
3/1/2012,193.5,859.4,365.3,832.8,581,5740.1,1.72,8.9,784.8,39.7,26.1,38,33.7,40.5,24,37.5,29.6,32.9,23.7
4/1/2012,191,859.5,365.8,833.8,582.3,5742,1.4,8.9,783.8,40,26.3,37.9,33.7,40.7,24.3,38.8,30.1,33.2,23.9
5/1/2012,188.2,859.6,366.3,831.6,582.7,5738.5,0.87,9,781.2,39.8,26.2,38,33.8,40.6,24,37.4,29.8,32.9,24
6/1/2012,186.7,863.9,367,831,583.6,5744.4,1.49,9,780.5,39.9,26.1,38.2,33.7,40.7,23.9,37.5,29.8,33,24.1
7/1/2012,186.6,862.4,367.3,828.7,586.1,5745.7,1.63,9,783,39.8,26.4,38.1,34,40.6,24.1,38.7,30.2,33.3,24.1
8/1/2012,186.1,864.1,367.5,831.2,585,5754.4,1.41,8.9,781.4,39.3,26.4,37.4,34.2,40.4,24.1,37.5,29.8,32.9,24.1
9/1/2012,186.4,868.8,368.2,832.1,585.9,5771.1,1.13,8.9,782.4,40.2,26.5,37.9,34.2,41.1,24.1,38,30.2,33.2,24.1
10/1/2012,187.6,865.9,367.5,834.4,584.2,5768.7,0.97,8.9,781.8,39.6,26.4,38.1,34,40.4,24.1,36.5,30.3,32.6,24.2
11/1/2012,187,866.7,367.6,833.8,583.7,5779.8,0.41,9,780.7,39.4,26.5,37.7,34.2,40.3,24.3,36.4,30.5,32.8,24.4
12/1/2012,190.2,867.9,368.2,833.7,583.5,5783.2,1.01,9.1,783.7,39.6,26.5,37.1,34.1,40.8,24.5,37.6,30.2,33,24.2
1/1/2013,190.9,870.8,369.4,832.6,583.2,5778.9,0.8,9.2,784.1,39.1,26.6,37,34.1,40.3,24.5,36,30,32.8,24.5
2/1/2013,193,872.7,369.9,833.1,583,5792.2,1.18,9.2,786,39.2,26.6,36.6,34.3,40.2,24.5,36.2,30.1,32.7,24.5
3/1/2013,190.2,874.8,370,832.1,582.1,5789.5,1.38,9.2,782,39.6,26.6,36.7,34,40.7,24.5,36.2,29.9,32.7,24.6
4/1/2013,186.5,871.9,371.1,831.3,579.9,5781.6,1.34,9.1,776,39.4,26.4,35.7,34,40.7,24.4,36.5,30.1,32.6,24.7
5/1/2013,189.5,872.4,370.3,831.5,579.8,5792.3,1.53,9.1,778.9,39.4,26.6,37.7,33.7,40.4,24.5,36.3,30.4,32.7,24.6
6/1/2013,190.3,872.7,370.6,831.3,579.8,5798.1,1.21,9,779.8,39.8,26.7,37.1,33.9,41,24.6,36.8,30.8,33.1,24.8
7/1/2013,191.4,872.6,369.9,830.2,577.8,5804.4,1.24,9,778.9,39.7,26.6,36.6,34.4,41.1,24.3,36,30.9,32.8,24.9
8/1/2013,191.6,877.3,369.1,830.2,577.4,5813,1.65,8.9,778.6,40,26.6,37,34.1,41.4,24.3,36,30.9,32.6,24.9
9/1/2013,192.4,880,370,830.2,576.4,5819.5,1.56,8.8,778.3,40.5,26.8,37.4,34.2,41.4,24.4,37,31.2,32.9,25
10/1/2013,192.6,879,370,826.8,576.6,5822.3,1.31,8.7,778.8,40,26.6,37.3,34.3,41.2,24.4,36.3,30.9,32.6,25.1
11/1/2013,194.3,880.5,369.7,827.2,577.7,5829.7,2.21,8.6,781.6,39.8,26.8,36.9,34.3,41.1,24.5,36.1,31.1,32.8,25.1
12/1/2013,193.8,881.9,369.2,829.3,577.7,5840.2,1.74,8.4,781.1,40.1,26.7,37.1,33.8,41.5,24.5,37.3,31.5,32.7,25.2
1/1/2014,196.3,881.2,369.6,826.5,578.7,5834.9,2.16,8.2,784.8,39.7,26.7,36.4,34,41.1,24.4,36.5,31.8,32.6,25
2/1/2014,196.5,882.1,369.4,824.4,579,5836.2,2.22,8,785.2,39.8,26.7,37.8,34.1,41.4,24.4,36.9,31.9,32.8,24.8
3/1/2014,197.1,882.5,369.2,824.7,579.8,5843.7,2.22,7.7,786.8,39.4,26.8,37.3,34,41,24.6,36.9,32.1,32.8,25
4/1/2014,198.8,883.8,368.8,826.3,579.7,5856.8,2.6,7.4,788.4,39.6,27,37.7,34.1,41,24.7,36.1,32,32.4,25.2
5/1/2014,199.7,884.1,369.2,826.6,580.4,5867.4,2.3,7.2,790.1,39.6,27.1,37.1,34.3,41,24.9,36.3,32.4,32.5,24.9
6/1/2014,201.4,883.7,368.7,827.9,580,5872.7,1.92,6.9,791.4,39.8,27.3,37.3,34.5,41.1,25,36.8,32.5,32.8,24.8
7/1/2014,202,884.5,369.6,827.3,578.9,5873.9,2.38,6.7,790.8,39.9,27.4,38,34.4,40.9,25.1,35.5,32.6,32.5,24.8
8/1/2014,203.2,885.2,370.7,828.3,578.3,5879.2,1.87,6.6,791.6,39.7,27.7,37.5,34.8,40.9,25.2,35.8,33.3,32.5,25.1
9/1/2014,204.1,885.5,369.5,828.4,577.5,5882.1,1.69,6.4,791.8,39.7,27.9,36.5,35.6,40.9,25.2,35.3,33.4,32.3,24.6
10/1/2014,204.1,890.2,369.2,832.6,576.9,5886.9,2.03,6.3,791.3,39.6,27.8,37,35.5,40.9,25.3,35.8,33.5,32.4,24.7
11/1/2014,205.6,892,369.1,831.4,579.3,5891.5,1.49,6.2,795.2,40,27.8,38,35.2,41.1,25.2,36,34.3,32.9,24.6
12/1/2014,209.9,894.1,368.5,831.2,581,5907,1.63,6.1,801.1,39.8,27.9,37.8,35.6,40.8,25.1,34.8,34.1,32.5,24.8
1/1/2015,207.7,898,367.4,828.5,579.3,5902.2,1.7,6,797.1,39.8,28.1,37.7,35.4,40.8,25.4,35.3,34.1,32.5,24.6
2/1/2015,210.1,897.2,368.7,826.9,578.1,5917.1,1.21,6,798.2,39.9,28.2,37.2,35.8,40.9,25.5,35.9,34.5,32.4,24.6
3/1/2015,213.7,896.2,367.1,825.8,577.6,5914.9,0.88,5.9,801.1,39.9,28.2,37.4,36.2,40.9,25.4,36,35.2,32.5,24.6
4/1/2015,213,897.9,365.1,825.4,575.6,5920.3,0.69,5.9,798.3,39.8,28.2,37.2,36.2,40.8,25.2,35.4,34.6,32.5,24.5
5/1/2015,213.3,898.5,363.9,827.6,573.1,5927.7,1.53,5.9,796,40,28.2,37.2,36.4,41,25.2,35.7,34.3,32.4,24.6
6/1/2015,209.2,899.1,367.2,826.3,574.2,5922.1,1.52,5.8,792.8,39.7,28.2,36.9,36.4,40.8,25.3,35.5,34.4,32.3,24.6
7/1/2015,211.5,896.3,368.9,828.9,573.4,5921.3,1.79,5.8,794.2,39.6,28.5,36.8,36.6,40.8,25.6,36.1,34.4,32.3,24.5
8/1/2015,209.2,897.7,370.7,827.5,570.3,5916.1,1.94,5.8,788.7,39.8,28.6,37.5,36.8,40.8,25.6,37.1,34.5,32.6,24.6
9/1/2015,209.4,898.6,368.6,829.6,568.8,5913.1,1.45,5.9,787.4,39.2,27.6,35.2,36.3,40.6,25.5,35.8,34.6,32.3,24.8
10/1/2015,210.7,905.6,368.8,830.8,566.6,5926.8,-0.37,5.9,786.5,40.4,28.6,36,36.3,41,25.5,36,35.1,32.4,24.7
11/1/2015,208.3,902.4,369,830.7,566.5,5920.3,-0.61,6,783.9,40.2,28.7,35.5,36.7,41.2,25.6,36.2,35,32.5,24.8
12/1/2015,215,900.3,368.9,831,567,5904,-0.43,6.1,791.1,40.1,28.8,35.8,36.9,41,25.5,35.7,34.7,32.4,24.7
1/1/2016,,,,,,,,6.3,,,,,,,,,,,
