DATE,MICONS,MIEDUH,MIFIRE,MIGOVT,MIMFG,MINA,MISLIND,MIUR,SMS26000000600000001,SMU26000000600000002SA,SMU26000000600000003SA,SMU26000002000000002SA,SMU26000002000000003SA,SMU26000003000000002SA,SMU26000003000000003SA,SMU26000005500000002SA,SMU26000005500000003SA,SMU26000006500000002SA,SMU26000006500000003SA
1976-01-01,,,,,,,,10.0,,,,,,,,,,,
1976-02-01,,,,,,,,10.0,,,,,,,,,,,
1976-03-01,,,,,,,,9.9,,,,,,,,,,,
1976-04-01,,,,,,,,9.7,,,,,,,,,,,
1976-05-01,,,,,,,,9.6,,,,,,,,,,,
1976-06-01,,,,,,,,9.4,,,,,,,,,,,
1976-07-01,,,,,,,,9.2,,,,,,,,,,,
1976-08-01,,,,,,,,9.0,,,,,,,,,,,
1976-09-01,,,,,,,,9.0,,,,,,,,,,,
1976-10-01,,,,,,,,8.9,,,,,,,,,,,
1976-11-01,,,,,,,,9.0,,,,,,,,,,,
1976-12-01,,,,,,,,8.9,,,,,,,,,,,
1977-01-01,,,,,,,,8.9,,,,,,,,,,,
1977-02-01,,,,,,,,8.8,,,,,,,,,,,
1977-03-01,,,,,,,,8.6,,,,,,,,,,,
1977-04-01,,,,,,,,8.4,,,,,,,,,,,
1977-05-01,,,,,,,,8.3,,,,,,,,,,,
1977-06-01,,,,,,,,8.2,,,,,,,,,,,
1977-07-01,,,,,,,,8.1,,,,,,,,,,,
1977-08-01,,,,,,,,8.1,,,,,,,,,,,
1977-09-01,,,,,,,,8.0,,,,,,,,,,,
1977-10-01,,,,,,,,7.9,,,,,,,,,,,
1977-11-01,,,,,,,,7.7,,,,,,,,,,,
1977-12-01,,,,,,,,7.5,,,,,,,,,,,
1978-01-01,,,,,,,,7.3,,,,,,,,,,,
1978-02-01,,,,,,,,7.1,,,,,,,,,,,
1978-03-01,,,,,,,,6.9,,,,,,,,,,,
1978-04-01,,,,,,,,6.8,,,,,,,,,,,
1978-05-01,,,,,,,,6.8,,,,,,,,,,,
1978-06-01,,,,,,,,6.8,,,,,,,,,,,
1978-07-01,,,,,,,,6.9,,,,,,,,,,,
1978-08-01,,,,,,,,6.9,,,,,,,,,,,
1978-09-01,,,,,,,,7.0,,,,,,,,,,,
1978-10-01,,,,,,,,7.0,,,,,,,,,,,
1978-11-01,,,,,,,,7.1,,,,,,,,,,,
1978-12-01,,,,,,,,7.1,,,,,,,,,,,
1979-01-01,,,,,,,,7.2,,,,,,,,,,,
1979-02-01,,,,,,,,7.2,,,,,,,,,,,
1979-03-01,,,,,,,,7.2,,,,,,,,,,,
1979-04-01,,,,,,,,7.2,,,,,,,,,,,
1979-05-01,,,,,,,,7.3,,,,,,,,,,,
1979-06-01,,,,,,,,7.4,,,,,,,,,,,
1979-07-01,,,,,,,,7.7,,,,,,,,,,,
1979-08-01,,,,,,,,7.9,,,,,,,,,,,
1979-09-01,,,,,,,,8.2,,,,,,,,,,,
1979-10-01,,,,,,,,8.5,,,,,,,,,,,
1979-11-01,,,,,,,,8.9,,,,,,,,,,,
1979-12-01,,,,,,,,9.2,,,,,,,,,,,
1980-01-01,,,,,,,,9.8,,,,,,,,,,,
1980-02-01,,,,,,,,10.5,,,,,,,,,,,
1980-03-01,,,,,,,,11.3,,,,,,,,,,,
1980-04-01,,,,,,,,12.2,,,,,,,,,,,
1980-05-01,,,,,,,,13.0,,,,,,,,,,,
1980-06-01,,,,,,,,13.5,,,,,,,,,,,
1980-07-01,,,,,,,,13.6,,,,,,,,,,,
1980-08-01,,,,,,,,13.5,,,,,,,,,,,
1980-09-01,,,,,,,,13.2,,,,,,,,,,,
1980-10-01,,,,,,,,12.9,,,,,,,,,,,
1980-11-01,,,,,,,,12.7,,,,,,,,,,,
1980-12-01,,,,,,,,12.5,,,,,,,,,,,
1981-01-01,,,,,,,,12.4,,,,,,,,,,,
1981-02-01,,,,,,,,12.2,,,,,,,,,,,
1981-03-01,,,,,,,,12.1,,,,,,,,,,,
1981-04-01,,,,,,,,11.9,,,,,,,,,,,
1981-05-01,,,,,,,,11.8,,,,,,,,,,,
1981-06-01,,,,,,,,11.7,,,,,,,,,,,
1981-07-01,,,,,,,,11.8,,,,,,,,,,,
1981-08-01,,,,,,,,12.1,,,,,,,,,,,
1981-09-01,,,,,,,,12.5,,,,,,,,,,,
1981-10-01,,,,,,,,13.0,,,,,,,,,,,
1981-11-01,,,,,,,,13.5,,,,,,,,,,,
1981-12-01,,,,,,,,14.0,,,,,,,,,,,
1982-01-01,,,,,,,-5.07,14.4,,,,,,,,,,,
1982-02-01,,,,,,,-4.26,14.7,,,,,,,,,,,
1982-03-01,,,,,,,-3.13,14.9,,,,,,,,,,,
1982-04-01,,,,,,,-2.19,14.9,,,,,,,,,,,
1982-05-01,,,,,,,-1.54,14.9,,,,,,,,,,,
1982-06-01,,,,,,,-2.13,15.0,,,,,,,,,,,
1982-07-01,,,,,,,-1.70,15.1,,,,,,,,,,,
1982-08-01,,,,,,,-2.20,15.5,,,,,,,,,,,
1982-09-01,,,,,,,-1.93,15.8,,,,,,,,,,,
1982-10-01,,,,,,,-2.03,16.2,,,,,,,,,,,
1982-11-01,,,,,,,-0.68,16.5,,,,,,,,,,,
1982-12-01,,,,,,,1.31,16.5,,,,,,,,,,,
1983-01-01,,,,,,,2.46,16.4,,,,,,,,,,,
1983-02-01,,,,,,,3.83,16.1,,,,,,,,,,,
1983-03-01,,,,,,,5.58,15.7,,,,,,,,,,,
1983-04-01,,,,,,,6.20,15.3,,,,,,,,,,,
1983-05-01,,,,,,,5.42,15.0,,,,,,,,,,,
1983-06-01,,,,,,,5.55,14.6,,,,,,,,,,,
1983-07-01,,,,,,,5.30,14.2,,,,,,,,,,,
1983-08-01,,,,,,,4.82,13.8,,,,,,,,,,,
1983-09-01,,,,,,,4.23,13.4,,,,,,,,,,,
1983-10-01,,,,,,,5.34,12.9,,,,,,,,,,,
1983-11-01,,,,,,,6.06,12.5,,,,,,,,,,,
1983-12-01,,,,,,,4.71,12.2,,,,,,,,,,,
1984-01-01,,,,,,,4.30,11.9,,,,,,,,,,,
1984-02-01,,,,,,,3.90,11.7,,,,,,,,,,,
1984-03-01,,,,,,,3.87,11.5,,,,,,,,,,,
1984-04-01,,,,,,,3.44,11.4,,,,,,,,,,,
1984-05-01,,,,,,,2.82,11.3,,,,,,,,,,,
1984-06-01,,,,,,,2.64,11.2,,,,,,,,,,,
1984-07-01,,,,,,,3.08,11.1,,,,,,,,,,,
1984-08-01,,,,,,,3.57,11.0,,,,,,,,,,,
1984-09-01,,,,,,,3.56,10.9,,,,,,,,,,,
1984-10-01,,,,,,,3.38,10.9,,,,,,,,,,,
1984-11-01,,,,,,,3.82,10.8,,,,,,,,,,,
1984-12-01,,,,,,,5.10,10.6,,,,,,,,,,,
1985-01-01,,,,,,,5.53,10.5,,,,,,,,,,,
1985-02-01,,,,,,,4.70,10.4,,,,,,,,,,,
1985-03-01,,,,,,,5.87,10.3,,,,,,,,,,,
1985-04-01,,,,,,,5.81,10.2,,,,,,,,,,,
1985-05-01,,,,,,,4.90,10.2,,,,,,,,,,,
1985-06-01,,,,,,,4.48,10.2,,,,,,,,,,,
1985-07-01,,,,,,,5.27,10.1,,,,,,,,,,,
1985-08-01,,,,,,,5.27,10.0,,,,,,,,,,,
1985-09-01,,,,,,,5.17,9.8,,,,,,,,,,,
1985-10-01,,,,,,,6.14,9.5,,,,,,,,,,,
1985-11-01,,,,,,,5.99,9.2,,,,,,,,,,,
1985-12-01,,,,,,,5.03,9.0,,,,,,,,,,,
1986-01-01,,,,,,,4.03,8.9,,,,,,,,,,,
1986-02-01,,,,,,,2.82,8.9,,,,,,,,,,,
1986-03-01,,,,,,,1.26,9.0,,,,,,,,,,,
1986-04-01,,,,,,,0.83,9.1,,,,,,,,,,,
1986-05-01,,,,,,,1.40,9.1,,,,,,,,,,,
1986-06-01,,,,,,,1.91,9.0,,,,,,,,,,,
1986-07-01,,,,,,,1.86,8.9,,,,,,,,,,,
1986-08-01,,,,,,,2.40,8.8,,,,,,,,,,,
1986-09-01,,,,,,,3.03,8.7,,,,,,,,,,,
1986-10-01,,,,,,,2.72,8.6,,,,,,,,,,,
1986-11-01,,,,,,,2.52,8.5,,,,,,,,,,,
1986-12-01,,,,,,,2.58,8.4,,,,,,,,,,,
1987-01-01,,,,,,,2.87,8.3,,,,,,,,,,,
1987-02-01,,,,,,,1.33,8.3,,,,,,,,,,,
1987-03-01,,,,,,,0.66,8.3,,,,,,,,,,,
1987-04-01,,,,,,,0.56,8.4,,,,,,,,,,,
1987-05-01,,,,,,,1.02,8.4,,,,,,,,,,,
1987-06-01,,,,,,,1.47,8.4,,,,,,,,,,,
1987-07-01,,,,,,,1.12,8.4,,,,,,,,,,,
1987-08-01,,,,,,,1.96,8.3,,,,,,,,,,,
1987-09-01,,,,,,,2.05,8.2,,,,,,,,,,,
1987-10-01,,,,,,,1.52,8.2,,,,,,,,,,,
1987-11-01,,,,,,,1.48,8.2,,,,,,,,,,,
1987-12-01,,,,,,,1.91,8.2,,,,,,,,,,,
1988-01-01,,,,,,,1.73,8.2,,,,,,,,,,,
1988-02-01,,,,,,,2.49,8.1,,,,,,,,,,,
1988-03-01,,,,,,,3.67,7.9,,,,,,,,,,,
1988-04-01,,,,,,,3.29,7.7,,,,,,,,,,,
1988-05-01,,,,,,,2.60,7.5,,,,,,,,,,,
1988-06-01,,,,,,,2.23,7.4,,,,,,,,,,,
1988-07-01,,,,,,,2.57,7.3,,,,,,,,,,,
1988-08-01,,,,,,,2.30,7.3,,,,,,,,,,,
1988-09-01,,,,,,,1.99,7.2,,,,,,,,,,,
1988-10-01,,,,,,,1.47,7.2,,,,,,,,,,,
1988-11-01,,,,,,,1.58,7.1,,,,,,,,,,,
1988-12-01,,,,,,,2.25,6.9,,,,,,,,,,,
1989-01-01,,,,,,,2.93,6.7,,,,,,,,,,,
1989-02-01,,,,,,,1.24,6.7,,,,,,,,,,,
1989-03-01,,,,,,,0.89,6.6,,,,,,,,,,,
1989-04-01,,,,,,,0.14,6.7,,,,,,,,,,,
1989-05-01,,,,,,,-0.21,6.8,,,,,,,,,,,
1989-06-01,,,,,,,-0.18,7.0,,,,,,,,,,,
1989-07-01,,,,,,,0.28,7.2,,,,,,,,,,,
1989-08-01,,,,,,,-0.26,7.4,,,,,,,,,,,
1989-09-01,,,,,,,-0.09,7.5,,,,,,,,,,,
1989-10-01,,,,,,,-0.69,7.7,,,,,,,,,,,
1989-11-01,,,,,,,-0.34,7.8,,,,,,,,,,,
1989-12-01,,,,,,,0.31,7.8,,,,,,,,,,,
1990-01-01,146.3,406.2,193.7,624.0,823.3,3906.1,0.49,7.8,981.6,,,,,,,,,,
1990-02-01,146.8,407.6,194.8,624.2,842.1,3938.3,1.87,7.6,1000.8,,,,,,,,,,
1990-03-01,146.2,408.7,195.2,625.5,853.7,3957.1,1.12,7.5,1011.7,,,,,,,,,,
1990-04-01,146.4,406.8,191.5,631.1,854.0,3964.7,0.53,7.4,1012.2,,,,,,,,,,
1990-05-01,145.8,408.4,192.1,636.3,848.5,3968.8,-0.06,7.3,1006.1,,,,,,,,,,
1990-06-01,144.6,411.0,192.1,635.5,846.3,3969.4,0.21,7.3,1002.7,,,,,,,,,,
1990-07-01,142.4,413.6,192.9,641.5,848.9,3977.4,-0.17,7.3,1003.1,,,,,,,,,,
1990-08-01,141.6,415.1,192.7,639.4,843.1,3965.9,-1.45,7.5,995.7,,,,,,,,,,
1990-09-01,142.5,416.9,193.2,626.2,843.4,3950.9,-1.74,7.6,996.7,,,,,,,,,,
1990-10-01,138.7,414.1,190.8,628.9,841.6,3940.8,-2.24,7.8,991.1,,,,,,,,,,
1990-11-01,138.4,414.8,191.7,631.3,816.2,3916.2,-2.76,8.1,965.9,,,,,,,,,,
1990-12-01,138.2,418.9,192.7,629.8,808.7,3916.0,-2.87,8.4,958.1,,,,,,,,,,
1991-01-01,134.8,420.6,191.4,630.5,795.7,3908.8,-3.09,8.8,942.6,,,,,,,,,,
1991-02-01,133.2,419.1,190.4,631.9,790.6,3882.3,-2.69,9.1,935.6,,,,,,,,,,
1991-03-01,132.0,420.3,190.2,631.2,778.9,3869.6,-1.73,9.4,922.6,,,,,,,,,,
1991-04-01,130.5,420.6,189.9,631.6,783.5,3872.1,-0.32,9.5,925.4,,,,,,,,,,
1991-05-01,127.9,420.8,189.7,633.0,794.9,3878.2,0.88,9.5,933.9,,,,,,,,,,
1991-06-01,128.9,422.0,190.1,633.6,792.9,3878.7,1.33,9.4,932.8,,,,,,,,,,
1991-07-01,129.0,421.4,189.4,634.2,800.5,3888.2,2.36,9.2,940.2,,,,,,,,,,
1991-08-01,129.1,423.3,189.7,628.8,795.1,3876.6,2.12,9.1,935.0,,,,,,,,,,
1991-09-01,128.6,424.2,189.3,630.3,801.4,3886.9,1.89,9.1,940.7,,,,,,,,,,
1991-10-01,129.3,426.4,188.2,636.0,803.1,3897.4,1.44,9.2,943.1,,,,,,,,,,
1991-11-01,128.8,427.6,188.7,636.3,802.0,3898.2,1.29,9.3,941.5,,,,,,,,,,
1991-12-01,128.3,428.3,189.4,636.6,797.7,3894.8,2.07,9.3,936.4,,,,,,,,,,
1992-01-01,129.2,430.5,187.6,634.9,776.4,3873.7,1.93,9.4,916.3,,,,,,,,,,
1992-02-01,129.4,431.0,187.4,635.6,789.4,3889.9,2.66,9.4,929.5,,,,,,,,,,
1992-03-01,129.2,431.2,186.9,636.2,790.7,3892.9,3.01,9.4,930.6,,,,,,,,,,
1992-04-01,126.6,431.7,187.7,634.4,801.0,3905.0,3.71,9.3,938.2,,,,,,,,,,
1992-05-01,127.7,433.1,188.3,634.5,801.9,3915.3,3.24,9.3,940.4,,,,,,,,,,
1992-06-01,128.1,433.2,188.0,640.7,802.5,3926.3,3.20,9.2,941.4,,,,,,,,,,
1992-07-01,127.6,435.2,188.4,635.1,793.4,3921.3,3.29,9.1,931.8,,,,,,,,,,
1992-08-01,127.6,436.1,187.9,638.4,802.8,3932.5,3.09,9.0,941.1,,,,,,,,,,
1992-09-01,128.1,437.1,188.0,632.7,799.7,3925.4,5.76,8.7,938.6,,,,,,,,,,
1992-10-01,128.8,436.7,189.2,633.2,796.5,3930.7,4.63,8.5,936.2,,,,,,,,,,
1992-11-01,128.9,438.0,189.5,636.0,800.5,3941.6,4.44,8.1,940.2,,,,,,,,,,
1992-12-01,130.2,439.5,189.7,634.8,800.3,3946.9,3.39,7.8,941.3,,,,,,,,,,
1993-01-01,131.6,439.1,189.8,639.0,804.2,3960.9,3.61,7.5,946.7,,,,,,,,,,
1993-02-01,132.7,440.3,189.9,638.3,803.5,3965.8,3.91,7.3,947.2,,,,,,,,,,
1993-03-01,130.5,441.6,190.0,637.4,801.5,3962.1,2.94,7.2,942.9,,,,,,,,,,
1993-04-01,129.3,446.4,189.4,638.5,801.2,3975.0,2.77,7.2,941.6,,,,,,,,,,
1993-05-01,131.8,446.6,189.3,639.2,800.7,3984.1,2.59,7.2,943.4,,,,,,,,,,
1993-06-01,132.3,448.0,189.6,640.3,801.6,3990.3,2.65,7.2,944.8,,,,,,,,,,
1993-07-01,132.9,447.0,189.4,636.0,803.1,3992.9,2.96,7.2,946.9,,,,,,,,,,
1993-08-01,133.5,447.6,189.9,633.4,797.2,3989.4,3.17,7.2,939.8,,,,,,,,,,
1993-09-01,133.6,448.1,190.1,634.7,805.8,4008.4,4.30,7.2,950.4,,,,,,,,,,
1993-10-01,133.4,449.6,192.0,637.6,813.5,4039.1,3.63,7.2,957.8,,,,,,,,,,
1993-11-01,133.8,450.1,192.5,635.0,816.8,4042.8,3.40,7.2,961.6,,,,,,,,,,
1993-12-01,134.5,450.5,193.0,634.8,824.5,4058.3,2.79,7.1,970.0,,,,,,,,,,
1994-01-01,135.1,449.8,193.4,639.7,836.9,4082.2,3.13,7.0,982.9,,,,,,,,,,
1994-02-01,136.1,451.2,193.5,635.4,831.4,4080.3,3.84,6.8,978.3,,,,,,,,,,
1994-03-01,138.3,452.1,193.1,637.4,835.4,4096.2,3.95,6.6,984.7,,,,,,,,,,
1994-04-01,139.5,452.0,193.2,637.0,838.2,4104.2,4.57,6.3,988.5,,,,,,,,,,
1994-05-01,140.6,453.1,193.2,636.1,840.7,4116.9,4.04,6.1,992.1,,,,,,,,,,
1994-06-01,140.6,454.3,193.2,637.1,843.5,4124.5,3.80,5.9,994.9,,,,,,,,,,
1994-07-01,142.7,456.8,194.5,637.7,849.6,4152.9,3.40,5.8,1003.1,,,,,,,,,,
1994-08-01,143.4,457.5,194.0,645.8,854.3,4169.9,3.27,5.7,1008.5,,,,,,,,,,
1994-09-01,145.1,459.2,194.2,638.3,861.1,4182.7,3.73,5.5,1016.9,,,,,,,,,,
1994-10-01,145.7,457.5,193.1,637.8,863.0,4180.7,3.48,5.4,1019.5,,,,,,,,,,
1994-11-01,147.6,459.3,192.6,642.3,868.6,4201.1,3.94,5.2,1027.0,,,,,,,,,,
1994-12-01,148.5,460.0,193.0,639.1,873.6,4208.5,3.07,5.2,1032.9,,,,,,,,,,
1995-01-01,150.1,462.4,196.8,633.7,876.5,4220.1,2.40,5.2,1037.5,,,,,,,,,,
1995-02-01,150.1,463.9,197.3,638.5,871.9,4230.5,1.30,5.3,1032.9,,,,,,,,,,
1995-03-01,150.7,464.2,197.4,639.1,876.5,4244.6,0.67,5.4,1038.2,,,,,,,,,,
1995-04-01,151.2,467.3,194.5,641.0,875.4,4255.5,0.39,5.5,1037.7,,,,,,,,,,
1995-05-01,151.2,467.5,194.3,639.6,876.4,4258.1,1.07,5.5,1038.6,,,,,,,,,,
1995-06-01,152.4,468.9,194.3,640.0,874.3,4264.7,1.57,5.5,1037.5,,,,,,,,,,
1995-07-01,151.9,470.6,194.4,641.8,873.1,4265.8,1.64,5.4,1035.8,,,,,,,,,,
1995-08-01,153.0,472.5,194.7,643.0,872.9,4282.4,1.65,5.3,1036.6,,,,,,,,,,
1995-09-01,154.0,473.1,195.3,647.2,872.5,4297.6,1.93,5.1,1037.2,,,,,,,,,,
1995-10-01,155.2,476.3,195.4,641.1,874.6,4298.0,2.01,5.0,1040.2,,,,,,,,,,
1995-11-01,156.8,477.7,195.9,641.2,868.8,4299.2,1.15,5.0,1035.7,,,,,,,,,,
1995-12-01,159.2,479.3,196.7,644.6,873.8,4321.7,1.28,4.9,1043.1,,,,,,,,,,
1996-01-01,161.6,480.2,196.7,640.2,878.6,4325.8,1.23,4.9,1050.1,,,,,,,,,,
1996-02-01,163.4,483.4,197.4,641.9,867.7,4329.9,1.28,4.9,1040.9,,,,,,,,,,
1996-03-01,164.1,482.2,198.3,642.0,855.7,4317.2,1.29,5.0,1029.5,,,,,,,,,,
1996-04-01,163.9,485.7,199.8,641.7,868.0,4323.5,2.80,5.0,1041.4,,,,,,,,,,
1996-05-01,166.7,487.1,200.0,642.4,866.2,4337.8,2.01,5.0,1042.4,,,,,,,,,,
1996-06-01,168.8,488.3,200.5,645.2,870.2,4355.2,1.07,5.0,1048.7,,,,,,,,,,
1996-07-01,169.3,483.4,201.1,641.1,868.9,4344.6,0.90,4.9,1048.1,,,,,,,,,,
1996-08-01,170.6,485.0,201.5,642.0,868.2,4362.2,1.71,4.9,1048.7,,,,,,,,,,
1996-09-01,171.0,487.0,201.8,646.9,867.7,4374.9,2.52,4.8,1048.4,,,,,,,,,,
1996-10-01,173.8,487.5,201.8,646.6,866.6,4385.5,2.58,4.8,1050.2,,,,,,,,,,
1996-11-01,174.9,489.1,202.4,648.3,867.7,4397.5,2.22,4.8,1052.3,,,,,,,,,,
1996-12-01,174.9,490.0,202.4,647.9,863.3,4395.9,2.44,4.7,1048.0,,,,,,,,,,
1997-01-01,174.6,485.2,201.8,646.8,862.2,4398.3,1.95,4.6,1046.7,,,,,,,,,,
1997-02-01,175.3,486.0,202.4,647.9,867.1,4406.1,1.05,4.5,1052.4,,,,,,,,,,
1997-03-01,177.4,488.1,203.1,648.8,868.4,4423.7,1.33,4.4,1055.8,,,,,,,,,,
1997-04-01,178.8,493.2,202.0,647.6,867.3,4428.7,1.87,4.3,1056.1,,,,,,,,,,
1997-05-01,179.4,493.6,203.0,649.5,869.5,4437.2,2.60,4.2,1058.8,,,,,,,,,,
1997-06-01,180.3,492.9,203.3,640.7,872.1,4429.5,1.41,4.2,1062.4,,,,,,,,,,
1997-07-01,183.8,489.2,204.5,638.5,874.9,4442.3,1.63,4.1,1068.5,,,,,,,,,,
1997-08-01,184.3,489.8,204.5,640.3,876.6,4440.5,0.92,4.1,1070.6,,,,,,,,,,
1997-09-01,185.4,490.8,206.2,653.3,877.6,4464.9,1.75,4.1,1072.9,,,,,,,,,,
1997-10-01,180.8,486.4,203.2,648.4,881.2,4452.0,1.36,4.1,1071.8,,,,,,,,,,
1997-11-01,180.9,486.6,203.9,647.7,884.3,4459.8,1.50,4.1,1075.2,,,,,,,,,,
1997-12-01,182.6,489.0,204.4,650.7,884.4,4468.8,1.61,4.1,1077.1,,,,,,,,,,
1998-01-01,188.0,485.8,207.7,652.8,895.4,4501.0,2.19,4.0,1093.7,,,,,,,,,,
1998-02-01,187.6,485.2,207.1,652.3,898.7,4506.9,2.35,3.9,1096.4,,,,,,,,,,
1998-03-01,185.4,485.5,207.6,651.6,895.3,4501.3,2.04,3.8,1090.5,,,,,,,,,,
1998-04-01,187.2,484.9,206.7,653.0,899.8,4513.8,1.65,3.7,1097.0,,,,,,,,,,
1998-05-01,188.4,485.0,207.0,654.9,900.0,4522.9,1.04,3.7,1098.5,,,,,,,,,,
1998-06-01,188.1,484.0,206.2,659.3,894.1,4519.4,0.92,3.8,1092.2,,,,,,,,,,
1998-07-01,187.3,482.2,205.5,652.2,818.4,4434.6,-3.57,4.7,1015.7,,,,,,,,,,
1998-08-01,186.6,482.5,205.9,653.8,890.5,4511.9,3.03,3.9,1087.1,,,,,,,,,,
1998-09-01,186.6,483.7,205.6,659.2,892.9,4521.0,2.97,4.0,1089.5,,,,,,,,,,
1998-10-01,186.8,485.5,206.2,657.2,893.0,4521.8,0.44,4.0,1089.6,,,,,,,,,,
1998-11-01,187.5,485.8,207.4,659.6,895.0,4536.1,0.50,4.0,1092.3,,,,,,,,,,
1998-12-01,189.4,486.8,207.4,659.7,893.9,4540.4,2.12,3.9,1092.9,,,,,,,,,,
1999-01-01,189.2,488.5,206.2,654.3,893.9,4531.1,1.55,3.9,1092.7,,,,,,,,,,
1999-02-01,189.4,492.3,206.8,662.0,894.9,4550.4,1.41,3.9,1093.8,,,,,,,,,,
1999-03-01,189.7,492.4,204.8,662.8,897.2,4555.6,1.23,3.9,1096.3,,,,,,,,,,
1999-04-01,199.0,490.6,205.8,665.6,895.0,4568.7,1.32,3.8,1104.1,,,,,,,,,,
1999-05-01,197.2,490.9,205.3,668.4,896.8,4579.4,0.70,3.8,1104.0,,,,,,,,,,
1999-06-01,196.9,490.6,205.9,667.4,900.0,4581.9,0.91,3.7,1106.9,,,,,,,,,,
1999-07-01,196.8,491.5,206.3,669.5,898.4,4585.6,2.22,3.6,1104.9,,,,,,,,,,
1999-08-01,197.3,491.8,206.2,670.4,904.7,4595.6,1.67,3.6,1111.6,,,,,,,,,,
1999-09-01,198.3,490.2,205.5,666.9,906.9,4599.0,1.03,3.6,1114.6,,,,,,,,,,
1999-10-01,201.9,492.1,205.8,670.8,895.2,4607.4,0.74,3.6,1106.2,,,,,,,,,,
1999-11-01,203.7,493.3,205.1,671.8,893.2,4611.5,1.65,3.5,1106.3,,,,,,,,,,
1999-12-01,205.0,494.3,205.4,673.1,894.3,4629.8,2.42,3.4,1108.8,,,,,,,,,,
2000-01-01,205.8,495.8,207.5,672.9,906.5,4660.8,2.80,3.3,1121.9,,,,,,,,,,
2000-02-01,204.9,497.4,207.5,675.8,900.7,4657.7,2.65,3.2,1114.9,,,,,,,,,,
2000-03-01,209.5,497.9,207.4,680.9,894.6,4668.5,1.82,3.2,1113.5,,,,,,,,,,
2000-04-01,214.2,499.7,208.2,682.9,905.1,4691.4,0.50,3.3,1128.9,,,,,,,,,,
2000-05-01,211.5,500.3,207.8,687.9,905.2,4690.1,-1.05,3.5,1125.9,,,,,,,,,,
2000-06-01,212.3,502.3,208.3,683.5,902.2,4687.8,-1.07,3.6,1123.8,,,,,,,,,,
2000-07-01,211.9,503.3,208.6,684.0,902.9,4687.9,-1.72,3.8,1124.4,,,,,,,,,,
2000-08-01,211.8,505.6,207.4,682.8,895.7,4681.4,-1.14,3.8,1117.1,,,,,,,,,,
2000-09-01,211.7,505.1,208.0,680.0,889.3,4676.5,-2.00,3.9,1110.5,,,,,,,,,,
2000-10-01,209.8,504.2,208.8,681.9,893.3,4682.9,-2.31,4.0,1112.8,,,,,,,,,,
2000-11-01,208.3,506.5,209.2,683.5,886.8,4676.3,-2.28,4.1,1104.8,,,,,,,,,,
2000-12-01,205.0,506.5,209.4,682.8,880.7,4663.9,-2.24,4.2,1095.3,,,,,,,,,,
2001-01-01,206.2,507.6,205.8,682.1,858.8,4614.4,-2.86,4.4,1074.7,,,,,,,,,,
2001-02-01,207.0,508.7,206.9,681.1,855.6,4613.5,-3.40,4.6,1072.3,,,,,,,,,,
2001-03-01,207.3,510.2,208.2,683.5,848.4,4608.2,-3.14,4.7,1065.5,,,,,,,,,,
2001-04-01,207.3,514.2,207.9,686.3,841.6,4601.8,-2.27,4.8,1058.5,,,,,,,,,,
2001-05-01,206.8,516.6,209.7,687.3,832.7,4588.6,-2.28,4.9,1048.9,,,,,,,,,,
2001-06-01,206.0,520.6,210.2,691.6,823.6,4582.3,-0.94,4.9,1038.9,,,,,,,,,,
2001-07-01,206.4,520.6,209.3,690.2,817.8,4566.4,-1.68,5.1,1033.3,,,,,,,,,,
2001-08-01,206.6,523.1,209.2,688.4,809.1,4553.5,-1.93,5.3,1024.9,,,,,,,,,,
2001-09-01,206.1,522.2,209.4,684.1,806.5,4538.5,-2.09,5.6,1021.8,,,,,,,,,,
2001-10-01,204.8,522.0,209.9,682.7,794.6,4514.2,-1.86,5.9,1008.5,,,,,,,,,,
2001-11-01,204.8,523.9,210.5,683.5,784.8,4500.0,-0.79,6.1,998.6,,,,,,,,,,
2001-12-01,205.7,525.7,210.9,684.0,781.0,4491.3,-1.04,6.3,995.8,,,,,,,,,,
2002-01-01,205.8,526.5,212.7,689.2,770.8,4493.4,-0.43,6.4,985.4,,,,,,,,,,
2002-02-01,204.8,527.9,212.9,686.0,772.4,4490.4,0.13,6.4,986.0,,,,,,,,,,
2002-03-01,203.0,529.0,212.9,685.6,769.5,4489.6,1.61,6.4,981.3,,,,,,,,,,
2002-04-01,201.8,534.6,212.7,680.0,765.4,4486.7,2.26,6.4,975.9,,,,,,,,,,
2002-05-01,201.3,536.0,212.8,682.9,764.0,4489.7,1.97,6.4,974.0,,,,,,,,,,
2002-06-01,200.9,538.3,212.4,684.3,766.3,4495.2,1.98,6.3,975.8,,,,,,,,,,
2002-07-01,199.5,535.2,212.8,687.6,764.4,4494.1,1.64,6.2,972.4,,,,,,,,,,
2002-08-01,198.9,537.2,213.4,688.5,760.1,4491.1,1.59,6.1,967.4,,,,,,,,,,
2002-09-01,197.3,538.0,213.9,688.9,756.0,4489.3,1.15,6.1,961.9,,,,,,,,,,
2002-10-01,196.5,538.8,214.3,690.8,755.9,4486.4,0.08,6.2,960.9,,,,,,,,,,
2002-11-01,195.1,540.3,215.0,690.3,752.6,4481.3,-0.89,6.3,956.3,,,,,,,,,,
2002-12-01,192.5,540.5,214.9,689.0,747.7,4468.7,-0.64,6.4,948.7,,,,,,,,,,
2003-01-01,192.6,542.4,215.4,686.8,739.6,4449.7,-0.56,6.6,940.5,,,,,,,,,,
2003-02-01,189.7,542.9,215.3,688.9,735.0,4437.5,-1.04,6.9,933.0,,,,,,,,,,
2003-03-01,187.7,542.5,215.6,685.4,731.6,4426.2,-0.61,7.1,927.6,,,,,,,,,,
2003-04-01,188.3,542.7,217.0,686.6,720.2,4411.7,-0.02,7.2,916.6,,,,,,,,,,
2003-05-01,191.0,544.0,217.3,687.5,723.2,4422.9,0.07,7.4,922.6,,,,,,,,,,
2003-06-01,192.3,545.4,217.6,682.2,725.3,4422.2,-0.08,7.5,926.0,,,,,,,,,,
2003-07-01,191.8,547.3,217.8,684.4,694.9,4389.4,0.89,7.5,894.5,,,,,,,,,,
2003-08-01,191.2,548.5,217.8,679.2,714.4,4400.7,1.58,7.4,913.5,,,,,,,,,,
2003-09-01,191.3,549.4,217.5,680.5,709.9,4404.5,2.20,7.3,909.2,,,,,,,,,,
2003-10-01,191.3,550.2,216.6,688.7,705.5,4405.8,2.52,7.2,904.8,,,,,,,,,,
2003-11-01,191.1,551.9,216.1,684.9,706.4,4404.0,2.59,7.0,905.5,,,,,,,,,,
2003-12-01,192.3,553.6,215.7,684.6,703.7,4403.4,1.81,6.9,904.0,,,,,,,,,,
2004-01-01,190.6,553.2,215.1,683.1,708.8,4404.1,0.47,6.9,907.5,,,,,,,,,,
2004-02-01,190.1,554.1,214.5,681.0,703.6,4395.3,0.95,6.8,901.8,,,,,,,,,,
2004-03-01,190.7,555.7,215.6,681.6,703.2,4396.0,0.31,6.9,902.2,,,,,,,,,,
2004-04-01,191.2,559.9,215.8,681.1,703.4,4400.4,0.10,6.9,902.8,,,,,,,,,,
2004-05-01,191.1,559.5,215.8,680.7,700.0,4399.8,-0.29,7.0,899.3,,,,,,,,,,
2004-06-01,191.6,557.7,215.7,678.3,697.5,4393.4,-0.09,7.0,897.0,,,,,,,,,,
2004-07-01,191.7,561.0,216.4,675.4,684.7,4381.5,0.88,7.0,884.5,,,,,,,,,,
2004-08-01,192.0,562.6,215.8,675.9,701.0,4400.4,0.23,7.1,901.2,,,,,,,,,,
2004-09-01,192.3,563.9,215.9,676.6,697.8,4400.8,0.30,7.1,898.5,,,,,,,,,,
2004-10-01,193.0,566.3,215.6,678.7,696.0,4407.7,-0.63,7.2,897.2,,,,,,,,,,
2004-11-01,194.1,567.1,215.8,678.0,691.1,4399.9,-0.03,7.2,893.4,,,,,,,,,,
2004-12-01,193.4,568.2,216.5,678.5,691.0,4400.3,1.12,7.1,892.5,,,,,,,,,,
2005-01-01,191.3,569.6,216.8,678.3,686.1,4393.8,0.57,7.1,885.9,,,,,,,,,,
2005-02-01,190.7,571.8,216.6,677.4,692.4,4404.1,1.29,7.0,891.5,,,,,,,,,,
2005-03-01,190.1,572.8,216.6,676.9,685.2,4396.1,-0.01,6.9,883.7,,,,,,,,,,
2005-04-01,190.9,573.9,216.1,677.2,679.7,4400.8,0.18,6.8,879.2,,,,,,,,,,
2005-05-01,190.6,574.2,215.7,676.3,679.9,4397.8,0.07,6.7,879.1,,,,,,,,,,
2005-06-01,190.1,571.6,215.7,674.7,675.4,4383.5,0.26,6.6,874.0,,,,,,,,,,
2005-07-01,190.6,575.4,215.8,667.1,672.6,4385.8,-0.64,6.6,871.7,,,,,,,,,,
2005-08-01,189.5,576.7,215.8,670.1,671.0,4384.0,-1.25,6.5,868.9,,,,,,,,,,
2005-09-01,188.8,579.2,216.0,674.6,673.5,4395.4,-0.87,6.6,870.6,,,,,,,,,,
2005-10-01,188.3,580.2,216.2,671.6,674.7,4383.1,-1.10,6.6,871.3,,,,,,,,,,
2005-11-01,187.9,581.5,216.2,672.2,672.6,4381.3,-1.90,6.7,868.8,,,,,,,,,,
2005-12-01,185.1,582.7,215.8,670.8,669.1,4373.4,-1.81,6.7,862.4,,,,,,,,,,
2006-01-01,185.1,580.6,215.6,672.8,667.5,4368.9,-1.51,6.8,860.7,,,,,,,,,,
2006-02-01,184.7,580.7,215.2,671.4,662.0,4361.5,-1.16,6.8,854.9,,,,,,,,,,
2006-03-01,183.4,582.3,215.0,673.7,659.2,4358.7,-1.80,6.9,850.8,,,,,,,,,,
2006-04-01,183.9,580.8,214.4,669.7,660.6,4355.2,-1.72,6.9,852.6,,,,,,,,,,
2006-05-01,181.1,582.8,214.1,665.9,655.7,4336.3,-1.97,7.0,844.8,,,,,,,,,,
2006-06-01,179.7,582.3,214.2,665.3,654.2,4337.7,-1.78,7.0,841.9,,,,,,,,,,
2006-07-01,177.5,582.9,213.4,660.9,636.6,4307.1,-2.52,7.1,822.1,,,,,,,,,,
2006-08-01,176.5,583.5,213.4,657.4,644.0,4310.7,-2.14,7.1,828.5,,,,,,,,,,
2006-09-01,175.1,587.1,213.0,660.4,640.5,4311.9,-2.41,7.2,823.6,,,,,,,,,,
2006-10-01,173.4,584.6,212.7,662.4,633.9,4296.1,-1.26,7.2,815.3,,,,,,,,,,
2006-11-01,171.3,585.7,212.5,663.8,634.6,4296.9,-1.24,7.1,813.9,,,,,,,,,,
2006-12-01,172.0,587.5,212.3,661.8,632.1,4294.9,-0.84,7.0,811.9,,,,,,,,,,
2007-01-01,171.6,589.2,211.3,660.8,622.5,4284.7,-1.93,7.0,801.9,40.9,25.6,38.7,22.5,41.2,22.8,35.7,21.9,37.6,18.8
2007-02-01,170.0,591.0,210.8,660.8,631.3,4291.9,-1.33,6.9,809.1,40.4,25.4,37.9,22.8,40.9,23.1,35.6,22.3,37.8,18.9
2007-03-01,170.1,591.4,210.8,662.7,627.8,4287.7,-1.01,6.9,805.6,40.5,25.5,38.2,23.2,40.8,23.6,35.3,22.4,37.7,19.7
2007-04-01,168.4,595.0,210.6,659.1,625.5,4282.8,-1.65,6.9,801.4,40.8,25.5,38.0,23.6,41.1,23.9,35.6,22.4,37.5,19.5
2007-05-01,167.5,595.5,210.5,659.5,620.4,4277.7,-1.82,6.9,795.6,40.6,25.8,38.1,23.9,40.9,24.2,35.5,22.4,37.4,19.2
2007-06-01,166.7,597.0,210.1,656.1,620.3,4274.9,-2.45,7.0,794.8,40.3,25.6,38.5,24.3,40.3,24.1,35.8,22.5,37.1,19.4
2007-07-01,166.4,597.2,210.6,655.0,617.2,4266.7,-2.24,7.1,791.3,40.2,25.7,38.4,24.9,40.3,24.1,36.2,22.4,37.0,19.7
2007-08-01,165.8,597.8,209.1,653.3,617.7,4261.5,-1.74,7.2,791.2,40.6,25.8,37.9,24.9,41.1,24.3,35.7,22.7,37.0,19.5
2007-09-01,165.3,601.0,208.1,653.0,611.8,4255.1,-1.94,7.3,784.8,40.8,25.8,38.2,25.3,41.3,24.5,35.9,23.6,37.1,19.6
2007-10-01,164.3,600.5,208.0,651.2,601.7,4244.5,-2.38,7.4,773.6,40.8,25.6,38.1,25.4,41.3,24.3,35.8,23.3,36.5,19.6
2007-11-01,163.7,600.9,207.3,649.1,608.0,4248.5,-1.92,7.4,779.3,40.5,25.4,37.0,25.8,41.1,24.0,35.8,23.3,36.4,19.8
2007-12-01,162.9,603.3,206.8,650.0,605.9,4245.9,-0.87,7.3,776.4,41.2,25.7,38.3,25.1,41.5,24.8,36.4,24.2,36.4,20.0
2008-01-01,162.2,604.6,206.6,649.2,602.5,4236.2,-1.25,7.3,772.4,40.8,25.4,38.3,25.9,41.5,25.2,35.9,23.5,36.0,20.5
2008-02-01,161.1,605.2,206.3,648.7,601.4,4231.5,-2.25,7.3,770.1,41.1,25.4,38.5,26.2,41.8,25.5,36.1,23.4,35.8,20.3
2008-03-01,158.9,605.0,205.6,648.1,587.0,4211.4,-2.75,7.4,753.6,41.1,25.6,38.9,26.2,41.6,25.5,36.3,23.7,35.5,20.4
2008-04-01,155.2,606.3,204.1,651.5,577.5,4190.7,-2.80,7.6,740.4,40.9,25.3,38.8,26.5,41.4,25.1,36.1,23.6,35.3,20.5
2008-05-01,155.4,607.0,203.6,650.3,570.9,4180.0,-2.56,7.8,734.0,40.7,25.0,38.4,26.1,41.3,25.0,36.2,23.4,35.3,20.4
2008-06-01,155.2,607.6,202.5,652.3,587.9,4194.4,-1.92,8.0,750.9,40.8,25.2,38.3,26.2,42.0,25.1,36.0,24.4,35.0,20.3
2008-07-01,153.4,608.5,201.3,653.5,562.5,4160.7,-2.33,8.2,723.8,40.6,24.7,37.9,26.4,41.6,25.2,36.0,23.7,34.7,20.2
2008-08-01,152.5,608.9,200.6,656.1,568.2,4161.6,-2.92,8.4,728.7,40.2,24.8,37.9,26.4,41.1,25.1,36.1,23.4,34.4,20.2
2008-09-01,151.3,609.0,199.8,651.9,561.1,4134.0,-2.62,8.7,720.3,40.3,24.9,37.7,26.7,41.3,25.2,36.4,23.3,34.5,20.1
2008-10-01,148.7,608.9,198.8,647.1,554.9,4107.1,-2.84,9.0,711.5,40.4,24.9,37.1,26.3,41.2,25.2,36.5,23.1,34.1,20.2
2008-11-01,145.3,608.6,197.7,647.5,551.0,4082.9,-4.39,9.5,704.3,39.4,25.2,37.3,26.4,40.4,25.4,36.6,23.7,34.2,20.3
2008-12-01,141.9,608.9,196.9,645.4,540.0,4055.3,-5.23,10.1,689.9,38.9,24.9,37.3,26.5,40.0,25.3,36.1,22.9,34.0,20.3
2009-01-01,138.7,608.0,194.7,651.0,477.4,3951.1,-8.16,11.2,623.3,36.7,25.3,36.8,26.7,37.2,25.4,35.4,23.1,33.9,20.4
2009-02-01,137.0,609.4,194.4,649.3,489.9,3951.3,-7.81,12.2,634.4,38.7,25.5,38.1,26.4,39.4,24.7,36.2,22.9,34.6,20.5
2009-03-01,133.8,609.4,193.3,649.0,484.4,3923.0,-7.66,13.1,625.0,38.5,25.3,36.7,26.5,39.5,24.5,36.1,23.0,34.1,20.6
2009-04-01,132.1,609.3,193.1,652.5,475.6,3906.8,-5.82,13.8,614.4,38.3,25.5,36.2,26.4,39.3,24.8,36.3,22.8,33.8,20.5
2009-05-01,129.8,610.4,192.7,651.7,453.4,3875.0,-4.19,14.4,589.9,37.5,25.3,37.2,26.4,37.9,24.6,36.0,24.1,33.6,20.7
2009-06-01,126.6,610.6,191.5,647.2,440.6,3837.7,-4.06,14.9,574.0,38.8,25.4,36.4,26.4,39.8,24.9,35.9,23.5,33.5,20.9
2009-07-01,124.5,608.5,190.5,643.7,447.4,3830.3,0.13,14.7,578.7,39.6,25.6,37.4,26.3,40.4,25.1,36.1,23.6,33.3,20.9
2009-08-01,122.9,608.9,189.9,644.4,453.3,3831.2,1.17,14.6,583.0,39.5,24.5,37.7,26.3,40.3,23.5,36.4,24.3,33.3,21.2
2009-09-01,121.1,607.6,189.9,642.0,456.5,3832.7,1.51,14.4,584.5,37.8,24.8,35.7,26.2,38.5,24.2,35.8,24.2,32.8,21.3
2009-10-01,121.4,609.4,189.1,643.5,460.0,3837.3,0.88,14.2,588.3,39.0,25.2,37.5,26.3,39.5,24.6,36.0,24.2,33.0,21.7
2009-11-01,121.2,609.5,188.7,642.4,458.5,3834.2,1.14,14.0,586.6,39.2,25.1,37.3,26.1,39.8,24.5,36.7,24.4,32.7,21.2
2009-12-01,121.3,608.8,188.0,641.3,460.5,3835.7,0.81,13.9,588.8,39.7,25.1,37.4,26.3,40.4,24.5,36.2,24.3,32.5,21.2
2010-01-01,120.7,609.2,187.8,639.8,462.5,3834.6,1.41,13.7,590.3,39.6,24.9,37.8,26.0,40.1,24.1,36.4,24.3,32.4,20.9
2010-02-01,119.1,609.0,187.5,639.6,462.8,3833.3,2.24,13.5,588.9,39.7,24.9,37.8,26.1,40.3,24.4,36.3,24.7,32.2,21.1
2010-03-01,120.5,608.7,187.0,639.0,461.2,3828.5,2.68,13.3,588.4,39.9,25.0,38.0,26.1,40.6,24.4,36.8,24.6,32.0,21.2
2010-04-01,122.6,610.4,185.4,641.2,467.4,3847.0,3.59,13.0,597.0,40.4,25.1,38.3,26.2,40.8,24.7,36.5,24.8,32.2,21.2
2010-05-01,120.6,611.4,186.0,650.5,469.7,3859.8,3.99,12.7,597.4,40.6,25.2,37.6,26.5,41.0,24.8,37.2,24.9,32.1,21.3
2010-06-01,119.6,610.6,186.1,642.9,472.8,3862.7,3.68,12.4,599.6,40.8,25.3,37.9,26.7,40.9,24.9,36.8,24.7,32.1,21.2
2010-07-01,121.0,613.6,187.4,638.3,474.1,3872.4,2.67,12.2,602.3,41.1,25.4,37.5,26.5,41.6,24.9,36.5,24.7,32.3,21.1
2010-08-01,121.7,613.7,188.0,630.1,470.7,3867.0,2.21,12.0,599.6,40.9,25.7,38.0,26.5,41.2,25.2,36.7,24.8,32.4,21.2
2010-09-01,122.8,611.7,188.9,625.8,482.3,3876.3,1.80,11.9,612.4,40.4,25.6,37.3,26.5,40.9,25.1,36.7,24.7,32.4,21.3
2010-10-01,124.9,614.6,190.0,627.4,485.7,3891.3,2.09,11.7,617.8,40.7,25.4,38.5,26.6,41.0,24.9,36.4,24.7,32.7,21.3
2010-11-01,123.7,614.4,190.4,626.4,487.3,3893.0,4.02,11.4,618.2,41.1,25.5,38.9,26.2,41.5,25.1,36.2,24.7,32.5,21.3
2010-12-01,123.1,614.7,191.0,625.6,488.5,3894.3,2.71,11.2,618.7,40.7,25.5,38.7,26.2,41.1,25.0,36.3,25.0,32.3,21.3
2011-01-01,123.5,615.5,192.5,624.0,492.1,3907.9,2.88,10.9,622.7,41.6,25.3,38.7,26.2,41.8,25.1,36.3,24.7,32.6,21.0
2011-02-01,123.2,614.6,192.8,620.5,495.4,3909.9,2.85,10.7,625.8,41.5,25.3,38.9,26.4,41.6,25.3,35.9,24.6,32.3,21.2
2011-03-01,123.6,615.8,193.5,621.6,496.7,3920.2,2.67,10.6,627.5,41.5,25.3,39.0,26.1,41.7,25.3,35.9,24.0,32.2,21.1
2011-04-01,122.8,620.7,191.7,620.6,505.6,3934.7,2.48,10.5,635.6,41.4,25.0,38.9,25.9,41.5,24.9,35.7,24.4,32.2,21.3
2011-05-01,123.5,620.3,191.7,617.7,507.3,3937.3,1.35,10.5,638.2,41.7,25.1,39.1,25.4,41.8,25.2,36.5,24.1,32.3,21.4
2011-06-01,124.9,620.0,191.7,619.1,508.5,3942.7,1.74,10.5,640.8,40.9,24.8,38.8,25.5,41.1,24.7,36.1,23.8,32.2,21.4
2011-07-01,127.0,623.7,193.1,617.3,508.3,3958.5,2.33,10.4,642.8,40.9,24.8,39.5,25.4,40.8,24.8,36.5,24.1,32.2,21.7
2011-08-01,127.3,624.6,193.6,615.4,514.2,3968.0,2.34,10.3,649.0,41.2,24.6,39.7,25.3,41.0,24.5,36.5,23.9,31.9,21.6
2011-09-01,127.0,625.1,193.8,614.7,516.8,3976.6,2.76,10.1,651.4,41.3,24.5,40.0,25.3,41.1,24.4,36.5,23.9,31.9,21.5
2011-10-01,126.3,626.2,194.1,613.5,520.1,3984.7,3.70,9.8,654.0,41.4,24.6,39.3,25.3,41.4,24.6,36.8,24.2,32.2,21.6
2011-11-01,126.7,625.6,194.4,612.9,523.6,3990.4,3.55,9.6,658.0,41.6,24.4,39.7,25.5,41.5,24.3,36.8,24.1,31.9,21.6
2011-12-01,127.3,626.8,194.9,612.0,527.3,3991.3,2.66,9.4,662.3,41.0,24.3,39.0,25.4,41.0,24.3,37.0,23.9,31.9,21.7
2012-01-01,127.7,628.1,194.3,614.8,530.1,4004.8,2.90,9.2,665.6,41.2,24.7,38.9,25.7,41.4,24.6,37.0,24.3,32.3,22.0
2012-02-01,128.7,630.3,194.7,612.7,530.4,4011.3,2.83,9.1,667.0,41.0,24.6,38.9,25.8,41.3,24.5,37.2,23.9,32.1,21.8
2012-03-01,129.6,630.5,195.3,612.1,531.7,4021.0,2.01,9.1,669.1,40.5,24.6,38.3,25.6,40.7,24.4,36.8,23.6,32.2,22.0
2012-04-01,132.7,631.2,195.8,610.9,534.0,4035.2,1.65,9.1,674.7,41.0,24.7,38.6,25.5,41.3,24.7,37.0,23.5,32.5,21.8
2012-05-01,127.6,631.1,195.8,610.4,536.1,4025.4,1.44,9.1,671.6,40.4,24.4,38.4,25.6,40.6,24.3,36.4,23.6,32.3,21.8
2012-06-01,126.6,632.0,196.0,606.7,536.1,4024.2,1.56,9.1,670.3,40.6,24.5,39.2,25.4,40.9,24.3,36.6,23.4,32.5,21.9
2012-07-01,126.5,632.0,197.1,606.4,540.7,4033.5,1.76,9.1,674.9,40.8,25.0,38.4,25.4,41.5,25.0,36.6,23.5,32.5,22.0
2012-08-01,126.7,633.3,197.1,608.9,540.2,4040.4,2.31,9.0,674.6,40.8,24.7,38.7,25.4,41.3,24.7,36.5,22.9,32.4,21.9
2012-09-01,127.9,633.7,197.4,607.1,541.1,4043.5,1.98,9.0,676.9,40.9,24.9,38.7,25.5,41.4,24.9,36.4,22.9,32.7,21.9
2012-10-01,128.2,634.3,198.0,604.2,542.0,4047.4,1.78,9.0,678.0,41.1,24.8,39.0,25.5,41.6,24.7,36.2,22.7,32.4,21.9
2012-11-01,128.8,634.8,198.6,604.2,542.5,4056.9,1.61,9.0,679.1,40.9,24.8,39.1,25.9,41.4,24.7,36.0,22.5,32.5,22.0
2012-12-01,130.7,636.6,199.3,603.1,546.8,4068.1,1.78,9.0,685.4,41.4,24.7,39.1,25.8,41.9,24.8,36.1,22.7,32.7,22.2
2013-01-01,132.0,635.3,200.6,602.2,547.6,4079.1,2.41,8.9,687.5,41.3,24.8,39.0,25.8,41.9,24.7,35.6,22.7,32.4,22.3
2013-02-01,133.6,636.5,201.3,601.0,549.5,4091.0,1.68,8.9,691.0,41.2,24.6,39.1,25.7,41.6,24.5,35.6,22.4,32.4,22.5
2013-03-01,132.5,636.9,201.5,599.3,551.2,4095.3,1.58,8.8,691.7,41.3,24.5,38.8,25.7,41.8,24.4,35.5,22.8,32.4,22.3
2013-04-01,131.9,638.9,202.3,599.4,552.4,4089.8,1.97,8.7,692.1,40.9,24.5,38.0,25.8,41.5,24.4,35.8,22.8,32.2,22.5
2013-05-01,132.7,638.4,202.5,599.9,554.5,4099.1,2.29,8.6,695.1,40.9,24.7,39.4,25.9,41.1,24.6,35.9,22.7,32.2,22.6
2013-06-01,131.8,639.3,203.7,597.1,555.1,4101.1,1.70,8.6,694.9,41.2,24.9,38.9,26.0,41.7,24.7,36.0,22.9,32.7,22.7
2013-07-01,133.4,640.5,204.3,596.9,548.8,4097.3,1.81,8.6,690.2,41.4,24.9,39.8,26.5,41.7,24.6,35.6,22.5,32.3,22.7
2013-08-01,133.9,641.4,204.2,596.9,558.6,4118.4,2.01,8.5,700.6,41.6,24.8,38.5,26.2,42.3,24.5,35.6,22.8,32.3,22.7
2013-09-01,134.4,641.3,203.6,599.3,561.8,4126.1,2.27,8.4,704.3,41.9,24.7,38.4,26.3,42.8,24.5,36.3,23.0,32.6,22.9
2013-10-01,135.6,641.1,203.6,598.1,563.8,4134.4,2.00,8.3,707.5,41.6,24.7,38.4,26.2,42.4,24.4,35.8,23.3,32.4,22.7
2013-11-01,136.3,642.4,204.0,596.8,566.0,4141.0,1.87,8.2,710.5,41.5,24.7,37.4,26.1,42.4,24.4,35.7,23.3,32.5,22.8
2013-12-01,135.9,641.7,203.8,596.5,564.9,4145.1,3.52,8.0,709.0,41.7,24.6,37.8,26.3,42.5,24.4,35.6,23.5,32.8,22.9
2014-01-01,137.3,642.6,204.0,595.5,566.2,4143.5,3.36,7.9,711.8,41.2,24.6,37.8,25.6,41.9,24.4,35.8,23.5,32.3,23.0
2014-02-01,139.2,643.0,204.1,595.8,572.9,4158.0,2.62,7.8,720.4,42.0,24.7,38.3,25.5,42.6,24.6,36.0,23.9,32.6,23.0
2014-03-01,138.1,643.1,203.9,595.8,573.0,4158.2,2.69,7.7,719.5,41.5,25.0,37.7,26.0,42.3,24.8,35.9,24.5,32.5,23.2
2014-04-01,139.4,642.7,204.0,595.6,566.9,4156.5,2.35,7.5,714.5,41.4,25.0,37.9,26.3,42.1,24.8,35.3,23.9,32.3,23.1
2014-05-01,140.6,643.8,204.7,594.7,571.9,4170.6,3.14,7.3,720.6,41.5,25.0,37.0,26.0,42.5,24.8,35.5,24.5,32.3,23.2
2014-06-01,142.3,643.5,204.8,596.0,578.3,4188.1,3.04,7.1,728.9,41.5,25.0,38.6,26.0,42.1,24.7,36.1,25.3,32.4,23.2
2014-07-01,142.5,642.4,204.5,596.7,576.3,4183.5,2.39,7.0,727.0,41.3,24.7,38.1,25.9,42.1,24.5,35.7,25.3,32.3,23.1
2014-08-01,143.6,643.1,204.8,597.7,577.6,4188.9,2.22,6.8,729.4,40.8,24.9,38.0,26.1,41.5,24.6,35.9,25.4,32.4,23.3
2014-09-01,144.2,643.9,205.0,594.8,575.9,4187.4,3.06,6.7,728.3,41.1,24.9,38.8,26.3,41.7,24.6,35.9,26.1,32.4,23.4
2014-10-01,141.3,647.0,204.9,596.9,579.6,4197.3,3.23,6.5,729.3,40.8,24.9,38.0,25.7,41.6,24.7,36.2,25.9,32.6,23.4
2014-11-01,142.7,647.6,204.7,594.6,584.8,4207.3,2.50,6.4,735.9,41.2,25.0,38.4,25.1,41.9,24.9,36.8,26.4,32.9,23.6
2014-12-01,144.6,649.1,206.1,595.2,584.9,4217.6,2.16,6.2,738.1,41.6,24.9,38.9,25.5,42.4,24.7,35.9,26.6,32.6,23.6
2015-01-01,151.1,652.1,206.7,591.3,589.7,4240.6,1.84,6.0,749.5,41.1,24.9,38.7,25.6,41.8,24.8,36.5,26.8,32.6,23.6
2015-02-01,151.4,652.0,205.1,593.7,593.1,4247.9,3.68,5.9,753.1,41.2,25.1,38.4,25.7,41.9,24.9,36.8,27.2,32.5,23.7
2015-03-01,152.5,654.9,206.1,595.2,591.9,4251.9,4.53,5.8,752.9,41.6,25.1,39.3,26.0,42.2,24.9,37.1,27.5,32.8,23.7
2015-04-01,154.9,652.2,207.0,594.8,591.1,4252.1,3.84,5.6,754.4,41.4,25.1,38.9,26.1,42.1,24.9,36.8,27.5,32.7,24.0
2015-05-01,154.5,657.6,209.2,596.3,597.6,4276.0,1.45,5.5,760.4,41.8,25.0,38.9,26.1,42.4,24.8,37.1,27.6,32.7,24.0
2015-06-01,156.4,660.6,209.9,588.0,596.5,4270.7,0.69,5.3,761.1,41.6,25.0,38.5,26.1,42.4,24.7,36.8,27.4,32.6,23.9
2015-07-01,155.1,662.6,211.7,588.3,598.6,4277.6,2.46,5.2,761.8,41.1,25.0,38.5,26.2,41.8,24.8,37.0,27.5,32.7,24.3
2015-08-01,150.6,661.5,213.8,590.2,600.1,4281.3,3.56,5.1,758.9,41.6,25.7,39.2,26.3,42.3,25.6,36.9,27.9,32.8,24.4
2015-09-01,148.8,660.0,210.3,582.5,603.8,4263.3,2.74,5.1,760.8,39.4,25.4,36.7,26.3,40.2,25.4,36.7,27.9,32.6,24.3
2015-10-01,149.6,664.2,211.5,589.2,602.1,4277.8,1.24,5.1,759.8,41.2,25.4,39.4,26.8,41.7,25.1,36.6,27.9,32.6,25.1
2015-11-01,153.1,666.3,212.7,586.7,606.8,4287.0,0.62,5.1,767.9,41.0,25.4,38.3,26.8,41.7,25.0,36.9,28.6,32.7,24.6
2015-12-01,155.6,667.9,212.9,587.9,603.5,4297.4,0.99,5.1,767.3,40.6,25.5,38.5,26.9,41.2,25.0,36.8,27.9,32.7,24.6
2016-01-01,,,,,,,,4.9,,,,,,,,,,,
